combination,nl_synergy,combination_index,nl_synergy_pvalue,cbca_improvement,same_family,dual_positive,selected_for_dose_response
hsa-miR-106b-5p + hsa-miR-2110,0.472,0.216,0.031,0.064,FALSE,TRUE,FALSE
hsa-miR-19a-3p + hsa-miR-2110,0.401,0.245,0.023,0.069,FALSE,TRUE,FALSE
hsa-miR-19b-3p + hsa-miR-449b-5p,0.307,0.254,0.008,0.109,FALSE,TRUE,FALSE
hsa-miR-20a-5p + hsa-miR-2110,0.352,0.270,0.010,0.107,FALSE,TRUE,FALSE
hsa-miR-19b-3p + hsa-miR-2110,0.343,0.275,0.000,0.077,FALSE,TRUE,TRUE
hsa-miR-137 + hsa-miR-449b-5p,0.642,0.283,0.034,0.154,FALSE,TRUE,TRUE
hsa-miR-128-3p + hsa-miR-449b-5p,0.302,0.291,0.011,0.153,FALSE,TRUE,FALSE
hsa-miR-211-5p + hsa-miR-2110,0.257,0.336,0.041,0.115,FALSE,TRUE,FALSE
hsa-miR-27a-3p + hsa-miR-449b-5p,0.183,0.366,0.008,0.190,FALSE,TRUE,FALSE
hsa-miR-17-5p + hsa-miR-449b-5p,0.172,0.377,0.027,0.172,FALSE,TRUE,FALSE
hsa-miR-211-5p + hsa-miR-449b-5p,0.169,0.381,0.003,0.134,FALSE,TRUE,FALSE
hsa-miR-128-3p + hsa-miR-137,0.409,0.383,0.013,0.128,FALSE,TRUE,FALSE
hsa-miR-20a-5p + hsa-miR-449b-5p,0.166,0.386,0.002,0.091,FALSE,TRUE,FALSE
hsa-miR-17-5p + hsa-miR-2110,0.203,0.391,0.019,0.176,FALSE,TRUE,FALSE
hsa-miR-2110 + hsa-miR-449b-5p,0.193,0.403,0.047,0.188,FALSE,TRUE,FALSE
hsa-miR-137 + hsa-miR-27b-3p,0.351,0.420,0.019,0.098,FALSE,TRUE,FALSE
hsa-miR-20b-5p + hsa-miR-2110,0.264,0.426,0.016,0.157,FALSE,TRUE,FALSE
hsa-miR-2110 + hsa-miR-429,0.290,0.432,0.009,0.154,FALSE,TRUE,FALSE
hsa-miR-204-5p + hsa-miR-2110,0.159,0.451,0.037,0.185,FALSE,TRUE,FALSE
hsa-miR-137 + hsa-miR-19b-3p,0.300,0.458,0.032,0.088,FALSE,TRUE,FALSE
hsa-miR-20b-5p + hsa-miR-449b-5p,0.216,0.474,0.010,0.099,FALSE,TRUE,FALSE
hsa-miR-137 + hsa-miR-17-5p,0.262,0.492,0.001,0.147,FALSE,TRUE,TRUE
hsa-miR-27b-3p + hsa-miR-449b-5p,0.113,0.511,0.010,0.189,FALSE,TRUE,FALSE
hsa-miR-137 + hsa-miR-20a-5p,0.238,0.516,0.017,0.031,FALSE,TRUE,FALSE
hsa-miR-137 + hsa-miR-450b-3p,0.459,0.530,0.001,0.068,FALSE,TRUE,TRUE
hsa-miR-137 + hsa-miR-363-3p,0.214,0.542,0.050,0.143,FALSE,TRUE,FALSE
hsa-miR-106b-5p + hsa-miR-137,0.213,0.543,0.024,0.072,FALSE,TRUE,FALSE
hsa-miR-27b-3p + hsa-miR-449a,0.266,0.548,0.017,0.097,FALSE,TRUE,FALSE
hsa-miR-124-3p + hsa-miR-363-3p,0.543,0.595,0.028,0.124,FALSE,TRUE,TRUE
hsa-miR-137 + hsa-miR-200a-3p,0.164,0.607,0.020,0.088,FALSE,TRUE,FALSE
hsa-miR-124-3p + hsa-miR-34b-5p,0.479,0.624,0.024,0.186,FALSE,TRUE,TRUE
hsa-miR-128-3p + hsa-miR-449a,0.189,0.630,0.031,0.114,FALSE,TRUE,FALSE
hsa-miR-124-3p + hsa-miR-204-5p,0.415,0.658,0.037,0.094,FALSE,TRUE,FALSE
hsa-miR-449a + hsa-miR-450b-3p,0.193,0.729,0.038,0.129,FALSE,TRUE,FALSE
hsa-miR-2110 + hsa-miR-92a-3p,0.373,0.258,0.006,0.001,FALSE,FALSE,FALSE
hsa-miR-106a-5p + hsa-miR-449b-5p,0.270,0.279,0.003,0.060,FALSE,FALSE,FALSE
hsa-miR-106b-5p + hsa-miR-449b-5p,0.242,0.301,0.050,0.064,FALSE,FALSE,FALSE
hsa-miR-106a-5p + hsa-miR-2110,0.297,0.305,0.061,0.113,FALSE,FALSE,FALSE
hsa-miR-449b-5p + hsa-miR-93-5p,0.272,0.309,0.079,0.116,FALSE,FALSE,FALSE
hsa-miR-449b-5p + hsa-miR-92a-3p,0.222,0.320,0.039,0.010,FALSE,FALSE,FALSE
hsa-miR-137 + hsa-miR-449a,0.629,0.339,0.052,0.131,FALSE,FALSE,FALSE
hsa-miR-204-5p + hsa-miR-449b-5p,0.200,0.343,0.074,0.165,FALSE,FALSE,FALSE
hsa-miR-137 + hsa-miR-204-5p,0.473,0.349,0.040,0.092,FALSE,FALSE,FALSE
hsa-miR-19a-3p + hsa-miR-449b-5p,0.182,0.364,0.166,0.106,FALSE,FALSE,FALSE
hsa-miR-2110 + hsa-miR-452-5p,0.219,0.372,0.095,-0.067,FALSE,FALSE,FALSE
hsa-miR-20b-5p + hsa-miR-340-5p,0.316,0.382,0.010,-0.037,FALSE,FALSE,FALSE
hsa-miR-137 + hsa-miR-211-5p,0.394,0.392,0.021,-0.043,FALSE,FALSE,FALSE
hsa-miR-340-5p + hsa-miR-93-5p,0.239,0.422,0.130,-0.051,FALSE,FALSE,FALSE
hsa-miR-143-5p + hsa-miR-449b-5p,0.142,0.423,0.323,0.154,FALSE,FALSE,FALSE
hsa-miR-449b-5p + hsa-miR-452-5p,0.134,0.437,0.045,0.038,FALSE,FALSE,FALSE
hsa-miR-106a-5p + hsa-miR-137,0.319,0.443,0.091,-0.004,FALSE,FALSE,FALSE
hsa-miR-143-5p + hsa-miR-2110,0.153,0.460,0.047,0.114,FALSE,FALSE,FALSE
hsa-miR-10a-5p + hsa-miR-135b-5p,0.189,0.470,0.138,-0.006,FALSE,FALSE,FALSE
hsa-miR-2110 + hsa-miR-93-5p,0.142,0.479,0.323,0.163,FALSE,FALSE,FALSE
hsa-miR-135b-5p + hsa-miR-27a-3p,0.169,0.497,0.087,0.012,FALSE,FALSE,FALSE
hsa-miR-873-5p + hsa-miR-92a-3p,0.081,0.511,0.462,-0.163,FALSE,FALSE,FALSE
hsa-miR-137 + hsa-miR-196a-5p,0.231,0.523,0.095,0.145,FALSE,FALSE,FALSE
hsa-miR-124-3p + hsa-miR-143-5p,0.725,0.524,0.232,0.150,FALSE,FALSE,FALSE
hsa-miR-137 + hsa-miR-92a-3p,0.214,0.543,0.001,-0.005,FALSE,FALSE,FALSE
hsa-miR-135b-5p + hsa-miR-143-5p,0.138,0.548,0.135,-0.016,FALSE,FALSE,FALSE
hsa-miR-135b-5p + hsa-miR-17-5p,0.131,0.559,0.154,-0.016,FALSE,FALSE,FALSE
hsa-miR-137 + hsa-miR-27a-3p,0.199,0.560,0.086,0.129,FALSE,FALSE,FALSE
hsa-miR-10b-5p + hsa-miR-137,0.199,0.561,0.079,0.166,FALSE,FALSE,FALSE
hsa-miR-137 + hsa-miR-34a-5p,0.297,0.562,0.221,0.129,FALSE,FALSE,FALSE
hsa-miR-19a-3p + hsa-miR-34b-5p,0.402,0.574,0.090,0.108,FALSE,FALSE,FALSE
hsa-miR-17-5p + hsa-miR-340-5p,0.128,0.577,0.089,0.081,FALSE,FALSE,FALSE
hsa-miR-137 + hsa-miR-25-3p,0.210,0.585,0.067,0.086,FALSE,FALSE,FALSE
hsa-miR-106b-5p + hsa-miR-20a-5p,0.066,0.586,0.280,-0.244,TRUE,FALSE,FALSE
hsa-miR-200c-3p + hsa-miR-20b-5p,0.175,0.588,0.011,-0.002,FALSE,FALSE,FALSE
hsa-miR-103a-3p + hsa-miR-137,0.207,0.591,0.195,0.158,FALSE,FALSE,FALSE
hsa-miR-128-3p + hsa-miR-2110,0.087,0.598,0.192,0.168,FALSE,FALSE,FALSE
hsa-miR-107 + hsa-miR-137,0.252,0.602,0.239,0.148,FALSE,FALSE,FALSE
hsa-miR-137 + hsa-miR-19a-3p,0.166,0.605,0.108,0.112,FALSE,FALSE,FALSE
hsa-miR-124-3p + hsa-miR-17-5p,0.519,0.606,0.064,0.118,FALSE,FALSE,FALSE
hsa-miR-135b-5p + hsa-miR-27b-3p,0.108,0.608,0.203,0.042,FALSE,FALSE,FALSE
hsa-miR-10b-5p + hsa-miR-449b-5p,0.066,0.614,0.153,0.183,FALSE,FALSE,FALSE
hsa-miR-10b-5p + hsa-miR-135b-5p,0.103,0.617,0.238,0.080,FALSE,FALSE,FALSE
hsa-miR-135b-5p + hsa-miR-340-5p,0.106,0.622,0.268,0.101,FALSE,FALSE,FALSE
hsa-miR-137 + hsa-miR-452-5p,0.153,0.625,0.049,-0.077,FALSE,FALSE,FALSE
hsa-miR-27a-3p + hsa-miR-449a,0.194,0.625,0.180,0.134,FALSE,FALSE,FALSE
hsa-miR-107 + hsa-miR-363-3p,0.228,0.625,0.258,-0.005,FALSE,FALSE,FALSE
hsa-miR-106a-5p + hsa-miR-193b-3p,0.063,0.633,0.140,-0.151,FALSE,FALSE,FALSE
hsa-miR-19b-3p + hsa-miR-34b-5p,0.310,0.636,0.084,0.123,FALSE,FALSE,FALSE
hsa-miR-10a-5p + hsa-miR-449b-5p,0.058,0.643,0.083,0.182,FALSE,FALSE,FALSE
hsa-miR-340-5p + hsa-miR-449b-5p,0.096,0.645,0.397,0.184,FALSE,FALSE,FALSE
hsa-miR-429 + hsa-miR-93-5p,0.119,0.649,0.043,-0.185,FALSE,FALSE,FALSE
hsa-miR-200a-3p + hsa-miR-2110,0.102,0.649,0.082,0.168,FALSE,FALSE,FALSE
hsa-miR-3714 + hsa-miR-3937,0.407,0.652,0.051,0.149,FALSE,FALSE,FALSE
hsa-miR-137 + hsa-miR-2110,0.133,0.656,0.075,0.167,FALSE,FALSE,FALSE
hsa-miR-200c-3p + hsa-miR-2110,0.130,0.657,0.227,0.123,FALSE,FALSE,FALSE
hsa-miR-200c-3p + hsa-miR-93-5p,0.129,0.659,0.059,-0.121,FALSE,FALSE,FALSE
hsa-miR-128-3p + hsa-miR-3714,0.289,0.660,0.252,0.152,FALSE,FALSE,FALSE
hsa-miR-20b-5p + hsa-miR-429,0.114,0.660,0.127,-0.149,FALSE,FALSE,FALSE
hsa-miR-137 + hsa-miR-93-5p,0.118,0.682,0.147,0.143,FALSE,FALSE,FALSE
hsa-miR-200c-3p + hsa-miR-20a-5p,0.115,0.685,0.161,-0.107,FALSE,FALSE,FALSE
hsa-miR-124-3p + hsa-miR-93-5p,0.365,0.686,0.078,0.071,FALSE,FALSE,FALSE
hsa-miR-2110 + hsa-miR-873-5p,0.058,0.691,0.053,0.179,FALSE,FALSE,FALSE
hsa-miR-19b-3p + hsa-miR-3714,0.242,0.698,0.322,0.064,FALSE,FALSE,FALSE
hsa-miR-18b-5p + hsa-miR-429,0.139,0.705,0.040,-0.001,FALSE,FALSE,FALSE
hsa-miR-363-3p + hsa-miR-449a,0.133,0.709,0.201,0.110,FALSE,FALSE,FALSE
hsa-miR-17-5p + hsa-miR-506-3p,0.448,0.714,0.159,0.103,FALSE,FALSE,FALSE
hsa-miR-124-3p + hsa-miR-27a-3p,0.319,0.714,0.073,0.171,FALSE,FALSE,FALSE
hsa-miR-143-5p + hsa-miR-27a-3p,0.042,0.716,0.535,-0.221,FALSE,FALSE,FALSE
hsa-miR-10a-5p + hsa-miR-452-5p,0.026,0.719,0.121,-0.056,FALSE,FALSE,FALSE
hsa-miR-20a-5p + hsa-miR-429,0.085,0.721,0.127,-0.287,FALSE,FALSE,FALSE
hsa-miR-27a-3p + hsa-miR-93-5p,0.047,0.723,0.258,-0.332,FALSE,FALSE,FALSE
hsa-miR-137 + hsa-miR-143-5p,0.097,0.724,0.516,0.153,FALSE,FALSE,FALSE
hsa-miR-200a-3p + hsa-miR-34b-5p,0.205,0.725,0.172,0.139,FALSE,FALSE,FALSE
hsa-miR-106a-5p + hsa-miR-429,0.081,0.731,0.207,-0.337,FALSE,FALSE,FALSE
hsa-miR-10b-5p + hsa-miR-2110,0.048,0.731,0.208,0.190,FALSE,FALSE,FALSE
hsa-miR-124-3p + hsa-miR-200a-3p,0.291,0.732,0.164,-0.013,FALSE,FALSE,FALSE
hsa-miR-200a-3p + hsa-miR-20b-5p,0.071,0.732,0.189,-0.140,FALSE,FALSE,FALSE
hsa-miR-34a-5p + hsa-miR-3714,0.203,0.734,0.591,0.163,FALSE,FALSE,FALSE
hsa-miR-106a-5p + hsa-miR-200c-3p,0.089,0.736,0.002,-0.118,FALSE,FALSE,FALSE
hsa-miR-27a-3p + hsa-miR-34b-5p,0.191,0.740,0.189,0.184,FALSE,FALSE,FALSE
hsa-miR-137 + hsa-miR-20b-5p,0.089,0.740,0.335,0.129,FALSE,FALSE,FALSE
hsa-miR-200b-3p + hsa-miR-20a-5p,0.097,0.741,0.052,-0.083,FALSE,FALSE,FALSE
hsa-miR-19a-3p + hsa-miR-3714,0.194,0.743,0.409,0.051,FALSE,FALSE,FALSE
hsa-miR-137 + hsa-miR-34b-5p,0.186,0.744,0.367,0.171,FALSE,FALSE,FALSE
hsa-miR-34b-5p + hsa-miR-3714,0.190,0.747,0.502,0.184,FALSE,FALSE,FALSE
hsa-miR-429 + hsa-miR-450b-3p,0.175,0.747,0.075,0.012,FALSE,FALSE,FALSE
hsa-miR-124-3p + hsa-miR-128-3p,0.264,0.751,0.128,0.144,FALSE,FALSE,FALSE
hsa-miR-3714 + hsa-miR-450b-3p,0.185,0.751,0.424,0.197,FALSE,FALSE,FALSE
hsa-miR-19b-3p + hsa-miR-449a,0.107,0.752,0.116,-0.013,FALSE,FALSE,FALSE
hsa-miR-10b-5p + hsa-miR-124-3p,0.262,0.752,0.157,0.174,FALSE,FALSE,FALSE
hsa-miR-10a-5p + hsa-miR-137,0.083,0.753,0.277,0.166,FALSE,FALSE,FALSE
hsa-miR-200a-3p + hsa-miR-340-5p,0.061,0.754,0.107,-0.036,FALSE,FALSE,FALSE
hsa-miR-124-3p + hsa-miR-25-3p,0.254,0.758,0.262,-0.031,FALSE,FALSE,FALSE
hsa-miR-340-5p + hsa-miR-34b-5p,0.169,0.762,0.304,0.171,FALSE,FALSE,FALSE
hsa-miR-17-5p + hsa-miR-429,0.069,0.762,0.115,-0.128,FALSE,FALSE,FALSE
hsa-miR-135b-5p + hsa-miR-93-5p,0.051,0.765,0.521,-0.052,FALSE,FALSE,FALSE
hsa-miR-124-3p + hsa-miR-20b-5p,0.244,0.766,0.195,0.002,FALSE,FALSE,FALSE
hsa-miR-200b-3p + hsa-miR-20b-5p,0.084,0.768,0.040,-0.037,FALSE,FALSE,FALSE
hsa-miR-200a-3p + hsa-miR-449a,0.095,0.773,0.145,0.085,FALSE,FALSE,FALSE
hsa-miR-452-5p + hsa-miR-873-5p,0.025,0.773,0.495,-0.168,FALSE,FALSE,FALSE
hsa-miR-27b-3p + hsa-miR-34b-5p,0.151,0.781,0.343,0.185,FALSE,FALSE,FALSE
hsa-miR-10a-5p + hsa-miR-873-5p,0.024,0.783,0.340,-0.175,FALSE,FALSE,FALSE
hsa-miR-124-3p + hsa-miR-34a-5p,0.221,0.783,0.373,0.191,FALSE,FALSE,FALSE
hsa-miR-193b-3p + hsa-miR-200a-3p,0.052,0.784,0.156,0.064,FALSE,FALSE,FALSE
hsa-miR-107 + hsa-miR-204-5p,0.103,0.788,0.592,0.015,FALSE,FALSE,FALSE
hsa-miR-193b-3p + hsa-miR-27b-3p,0.031,0.792,0.408,0.107,FALSE,FALSE,FALSE
hsa-miR-135b-5p + hsa-miR-196a-5p,0.059,0.792,0.429,0.110,FALSE,FALSE,FALSE
hsa-miR-18a-5p + hsa-miR-449b-5p,0.095,0.795,0.296,0.151,FALSE,FALSE,FALSE
hsa-miR-200c-3p + hsa-miR-27b-3p,0.062,0.800,0.173,-0.050,FALSE,FALSE,FALSE
hsa-miR-17-5p + hsa-miR-34b-5p,0.135,0.801,0.540,0.155,FALSE,FALSE,FALSE
hsa-miR-107 + hsa-miR-2110,0.094,0.802,0.659,0.169,FALSE,FALSE,FALSE
hsa-miR-20b-5p + hsa-miR-506-3p,0.267,0.807,0.324,0.073,FALSE,FALSE,FALSE
hsa-miR-200a-3p + hsa-miR-450b-3p,0.123,0.808,0.066,0.035,FALSE,FALSE,FALSE
hsa-miR-873-5p + hsa-miR-93-5p,0.029,0.808,0.139,-0.250,FALSE,FALSE,FALSE
hsa-miR-106b-5p + hsa-miR-873-5p,0.022,0.808,0.617,-0.297,FALSE,FALSE,FALSE
hsa-miR-103a-3p + hsa-miR-506-3p,0.262,0.810,0.337,0.189,FALSE,FALSE,FALSE
hsa-miR-18a-5p + hsa-miR-450b-3p,0.117,0.817,0.320,-0.097,FALSE,FALSE,FALSE
hsa-miR-2110 + hsa-miR-27b-3p,0.029,0.820,0.516,0.188,FALSE,FALSE,FALSE
hsa-miR-143-5p + hsa-miR-17-5p,0.017,0.825,0.557,-0.392,FALSE,FALSE,FALSE
hsa-miR-340-5p + hsa-miR-449a,0.068,0.826,0.658,0.104,FALSE,FALSE,FALSE
hsa-miR-137 + hsa-miR-873-5p,0.053,0.826,0.612,0.165,FALSE,FALSE,FALSE
hsa-miR-143-5p + hsa-miR-193b-3p,0.023,0.827,0.571,0.109,FALSE,FALSE,FALSE
hsa-miR-10b-5p + hsa-miR-429,0.046,0.828,0.226,-0.028,FALSE,FALSE,FALSE
hsa-miR-34a-5p + hsa-miR-449a,0.078,0.829,0.361,0.120,TRUE,FALSE,FALSE
hsa-miR-143-5p + hsa-miR-27b-3p,0.024,0.831,0.571,-0.135,FALSE,FALSE,FALSE
hsa-miR-204-5p + hsa-miR-340-5p,0.035,0.832,0.236,0.057,FALSE,FALSE,FALSE
hsa-miR-10b-5p + hsa-miR-34b-5p,0.107,0.835,0.391,0.165,FALSE,FALSE,FALSE
hsa-miR-106a-5p + hsa-miR-10a-5p,0.019,0.837,0.631,-0.346,FALSE,FALSE,FALSE
hsa-miR-19b-3p + hsa-miR-506-3p,0.214,0.839,0.437,-0.004,FALSE,FALSE,FALSE
hsa-miR-17-5p + hsa-miR-20a-5p,0.018,0.840,0.438,-0.285,TRUE,FALSE,FALSE
hsa-miR-204-5p + hsa-miR-506-3p,0.209,0.842,0.481,0.183,FALSE,FALSE,FALSE
hsa-miR-106b-5p + hsa-miR-200c-3p,0.047,0.843,0.207,-0.206,FALSE,FALSE,FALSE
hsa-miR-143-5p + hsa-miR-506-3p,0.208,0.843,0.632,0.178,FALSE,FALSE,FALSE
hsa-miR-20a-5p + hsa-miR-873-5p,0.017,0.845,0.509,-0.308,FALSE,FALSE,FALSE
hsa-miR-20a-5p + hsa-miR-92a-3p,0.017,0.846,0.566,-0.191,FALSE,FALSE,FALSE
hsa-miR-200b-3p + hsa-miR-2110,0.047,0.854,0.295,0.159,FALSE,FALSE,FALSE
hsa-miR-10a-5p + hsa-miR-20a-5p,0.016,0.855,0.461,-0.306,FALSE,FALSE,FALSE
hsa-miR-34a-5p + hsa-miR-3937,0.129,0.855,0.341,0.142,FALSE,FALSE,FALSE
hsa-miR-106a-5p + hsa-miR-200b-3p,0.047,0.856,0.297,-0.135,FALSE,FALSE,FALSE
hsa-miR-20a-5p + hsa-miR-506-3p,0.187,0.857,0.472,0.094,FALSE,FALSE,FALSE
hsa-miR-106a-5p + hsa-miR-873-5p,0.016,0.857,0.479,-0.326,FALSE,FALSE,FALSE
hsa-miR-10b-5p + hsa-miR-452-5p,0.010,0.858,0.586,-0.064,FALSE,FALSE,FALSE
hsa-miR-19a-3p + hsa-miR-449a,0.053,0.860,0.389,0.037,FALSE,FALSE,FALSE
hsa-miR-19a-3p + hsa-miR-506-3p,0.179,0.862,0.501,-0.079,FALSE,FALSE,FALSE
hsa-miR-128-3p + hsa-miR-27a-3p,0.020,0.864,0.737,-0.297,FALSE,FALSE,FALSE
hsa-miR-196a-5p + hsa-miR-450b-3p,0.079,0.868,0.409,0.139,FALSE,FALSE,FALSE
hsa-miR-34a-5p + hsa-miR-34b-5p,0.081,0.869,0.502,0.178,FALSE,FALSE,FALSE
hsa-miR-196a-5p + hsa-miR-429,0.033,0.872,0.556,0.040,FALSE,FALSE,FALSE
hsa-miR-135b-5p + hsa-miR-20a-5p,0.024,0.875,0.749,-0.153,FALSE,FALSE,FALSE
hsa-miR-106b-5p + hsa-miR-193b-3p,0.016,0.875,0.650,-0.075,FALSE,FALSE,FALSE
hsa-miR-137 + hsa-miR-340-5p,0.036,0.876,0.102,0.168,FALSE,FALSE,FALSE
hsa-miR-200b-3p + hsa-miR-93-5p,0.039,0.878,0.115,-0.042,FALSE,FALSE,FALSE
hsa-miR-106a-5p + hsa-miR-135b-5p,0.023,0.878,0.748,-0.172,FALSE,FALSE,FALSE
hsa-miR-196a-5p + hsa-miR-506-3p,0.153,0.879,0.586,0.190,FALSE,FALSE,FALSE
hsa-miR-19b-3p + hsa-miR-429,0.030,0.880,0.420,-0.106,FALSE,FALSE,FALSE
hsa-miR-27a-3p + hsa-miR-450b-3p,0.069,0.882,0.212,0.138,FALSE,FALSE,FALSE
hsa-miR-10a-5p + hsa-miR-10b-5p,0.009,0.882,0.628,-0.315,TRUE,FALSE,FALSE
hsa-miR-135b-5p + hsa-miR-20b-5p,0.025,0.885,0.600,-0.058,FALSE,FALSE,FALSE
hsa-miR-135b-5p + hsa-miR-204-5p,0.022,0.885,0.751,0.104,FALSE,FALSE,FALSE
hsa-miR-363-3p + hsa-miR-450b-3p,0.067,0.885,0.549,0.108,FALSE,FALSE,FALSE
hsa-miR-10a-5p + hsa-miR-2110,0.017,0.885,0.705,0.191,FALSE,FALSE,FALSE
hsa-miR-135b-5p + hsa-miR-429,0.028,0.887,0.593,0.120,FALSE,FALSE,FALSE
hsa-miR-135b-5p + hsa-miR-19a-3p,0.021,0.887,0.772,-0.208,FALSE,FALSE,FALSE
hsa-miR-3937 + hsa-miR-506-3p,0.137,0.891,0.580,0.203,FALSE,FALSE,FALSE
hsa-miR-193b-3p + hsa-miR-92a-3p,0.013,0.895,0.705,0.032,FALSE,FALSE,FALSE
hsa-miR-204-5p + hsa-miR-34b-5p,0.063,0.896,0.632,0.161,FALSE,FALSE,FALSE
hsa-miR-124-3p + hsa-miR-27b-3p,0.092,0.897,0.473,0.176,FALSE,FALSE,FALSE
hsa-miR-204-5p + hsa-miR-449a,0.036,0.900,0.606,0.088,FALSE,FALSE,FALSE
hsa-miR-27b-3p + hsa-miR-3714,0.062,0.900,0.807,0.177,FALSE,FALSE,FALSE
hsa-miR-128-3p + hsa-miR-34a-5p,0.041,0.903,0.624,-0.053,FALSE,FALSE,FALSE
hsa-miR-200a-3p + hsa-miR-93-5p,0.020,0.904,0.571,-0.184,FALSE,FALSE,FALSE
hsa-miR-34b-5p + hsa-miR-3937,0.080,0.905,0.366,0.180,FALSE,FALSE,FALSE
hsa-miR-193b-3p + hsa-miR-211-5p,0.011,0.906,0.623,0.126,FALSE,FALSE,FALSE
hsa-miR-20a-5p + hsa-miR-27a-3p,0.011,0.907,0.394,-0.355,FALSE,FALSE,FALSE
hsa-miR-200c-3p + hsa-miR-27a-3p,0.026,0.907,0.356,0.030,FALSE,FALSE,FALSE
hsa-miR-10b-5p + hsa-miR-93-5p,0.012,0.908,0.741,-0.350,FALSE,FALSE,FALSE
hsa-miR-106a-5p + hsa-miR-106b-5p,0.010,0.912,0.759,-0.394,TRUE,FALSE,FALSE
hsa-miR-200a-3p + hsa-miR-449b-5p,0.018,0.912,0.788,0.155,FALSE,FALSE,FALSE
hsa-miR-10a-5p + hsa-miR-34b-5p,0.051,0.914,0.663,0.166,FALSE,FALSE,FALSE
hsa-miR-124-3p + hsa-miR-196a-5p,0.074,0.915,0.644,0.191,FALSE,FALSE,FALSE
hsa-miR-10b-5p + hsa-miR-449a,0.029,0.916,0.687,0.163,FALSE,FALSE,FALSE
hsa-miR-143-5p + hsa-miR-34b-5p,0.049,0.917,0.776,0.154,FALSE,FALSE,FALSE
hsa-miR-107 + hsa-miR-196a-5p,0.034,0.918,0.857,0.103,FALSE,FALSE,FALSE
hsa-miR-124-3p + hsa-miR-137,0.071,0.918,0.866,0.156,FALSE,FALSE,FALSE
hsa-miR-143-5p + hsa-miR-873-5p,0.008,0.919,0.691,-0.056,FALSE,FALSE,FALSE
hsa-miR-449a + hsa-miR-506-3p,0.099,0.919,0.771,0.184,FALSE,FALSE,FALSE
hsa-miR-10b-5p + hsa-miR-143-5p,0.007,0.920,0.817,-0.317,FALSE,FALSE,FALSE
hsa-miR-27a-3p + hsa-miR-429,0.019,0.920,0.562,-0.026,FALSE,FALSE,FALSE
hsa-miR-211-5p + hsa-miR-93-5p,0.010,0.925,0.629,-0.230,FALSE,FALSE,FALSE
hsa-miR-17-5p + hsa-miR-211-5p,0.008,0.926,0.492,-0.190,FALSE,FALSE,FALSE
hsa-miR-17-5p + hsa-miR-449a,0.025,0.929,0.628,0.074,FALSE,FALSE,FALSE
hsa-miR-450b-3p + hsa-miR-873-5p,0.039,0.930,0.671,0.140,FALSE,FALSE,FALSE
hsa-miR-135b-5p + hsa-miR-34b-5p,0.040,0.931,0.762,0.186,FALSE,FALSE,FALSE
hsa-miR-106b-5p + hsa-miR-143-5p,0.007,0.932,0.835,-0.446,FALSE,FALSE,FALSE
hsa-miR-128-3p + hsa-miR-429,0.016,0.932,0.795,-0.189,FALSE,FALSE,FALSE
hsa-miR-107 + hsa-miR-18a-5p,0.027,0.933,0.898,0.100,FALSE,FALSE,FALSE
hsa-miR-10a-5p + hsa-miR-34a-5p,0.027,0.935,0.731,0.069,FALSE,FALSE,FALSE
hsa-miR-10a-5p + hsa-miR-200c-3p,0.017,0.935,0.407,0.013,FALSE,FALSE,FALSE
hsa-miR-10b-5p + hsa-miR-200c-3p,0.017,0.938,0.570,0.077,FALSE,FALSE,FALSE
hsa-miR-124-3p + hsa-miR-449a,0.053,0.938,0.701,0.191,FALSE,FALSE,FALSE
hsa-miR-27a-3p + hsa-miR-363-3p,0.010,0.938,0.800,-0.150,FALSE,FALSE,FALSE
hsa-miR-200c-3p + hsa-miR-204-5p,0.016,0.939,0.728,0.022,FALSE,FALSE,FALSE
hsa-miR-103a-3p + hsa-miR-34a-5p,0.022,0.945,0.842,0.092,FALSE,FALSE,FALSE
hsa-miR-106b-5p + hsa-miR-506-3p,0.060,0.949,0.809,0.032,FALSE,FALSE,FALSE
hsa-miR-200a-3p + hsa-miR-211-5p,0.010,0.949,0.752,-0.129,FALSE,FALSE,FALSE
hsa-miR-10a-5p + hsa-miR-93-5p,0.006,0.952,0.912,-0.363,FALSE,FALSE,FALSE
hsa-miR-106b-5p + hsa-miR-340-5p,0.009,0.952,0.826,-0.265,FALSE,FALSE,FALSE
hsa-miR-124-3p + hsa-miR-20a-5p,0.037,0.956,0.775,-0.255,FALSE,FALSE,FALSE
hsa-miR-103a-3p + hsa-miR-449a,0.014,0.957,0.807,0.132,FALSE,FALSE,FALSE
hsa-miR-2110 + hsa-miR-25-3p,0.013,0.957,0.880,0.167,FALSE,FALSE,FALSE
hsa-miR-106a-5p + hsa-miR-10b-5p,0.004,0.958,0.839,-0.344,FALSE,FALSE,FALSE
hsa-miR-18b-5p + hsa-miR-200c-3p,0.014,0.959,0.767,0.008,FALSE,FALSE,FALSE
hsa-miR-2110 + hsa-miR-34b-5p,0.023,0.959,0.853,0.188,FALSE,FALSE,FALSE
hsa-miR-143-5p + hsa-miR-20a-5p,0.004,0.962,0.900,-0.381,FALSE,FALSE,FALSE
hsa-miR-18b-5p + hsa-miR-200b-3p,0.013,0.962,0.760,0.027,FALSE,FALSE,FALSE
hsa-miR-107 + hsa-miR-17-5p,0.014,0.964,0.940,0.125,FALSE,FALSE,FALSE
hsa-miR-204-5p + hsa-miR-20a-5p,0.003,0.965,0.904,-0.402,FALSE,FALSE,FALSE
hsa-miR-18b-5p + hsa-miR-93-5p,0.012,0.966,0.798,-0.021,FALSE,FALSE,FALSE
hsa-miR-103a-3p + hsa-miR-200b-3p,0.009,0.970,0.809,0.042,FALSE,FALSE,FALSE
hsa-miR-27a-3p + hsa-miR-27b-3p,0.004,0.970,0.901,-0.277,TRUE,FALSE,FALSE
hsa-miR-200a-3p + hsa-miR-429,0.006,0.972,0.851,-0.060,FALSE,FALSE,FALSE
hsa-miR-20a-5p + hsa-miR-340-5p,0.005,0.972,0.860,-0.255,FALSE,FALSE,FALSE
hsa-miR-211-5p + hsa-miR-506-3p,0.032,0.972,0.918,0.166,FALSE,FALSE,FALSE
hsa-miR-137 + hsa-miR-3714,0.015,0.974,0.944,0.164,FALSE,FALSE,FALSE
hsa-miR-106b-5p + hsa-miR-135b-5p,0.004,0.975,0.952,-0.105,FALSE,FALSE,FALSE
hsa-miR-18a-5p + hsa-miR-429,0.008,0.978,0.926,-0.038,FALSE,FALSE,FALSE
hsa-miR-106b-5p + hsa-miR-17-5p,0.002,0.979,0.892,-0.457,TRUE,FALSE,FALSE
hsa-miR-128-3p + hsa-miR-27b-3p,0.003,0.980,0.969,-0.162,FALSE,FALSE,FALSE
hsa-miR-27b-3p + hsa-miR-34a-5p,0.008,0.980,0.926,-0.010,FALSE,FALSE,FALSE
hsa-miR-103a-3p + hsa-miR-200c-3p,0.006,0.981,0.899,0.030,FALSE,FALSE,FALSE
hsa-miR-2110 + hsa-miR-27a-3p,0.002,0.981,0.945,0.200,FALSE,FALSE,FALSE
hsa-miR-449a + hsa-miR-92a-3p,0.006,0.982,0.902,-0.090,FALSE,FALSE,FALSE
hsa-miR-10b-5p + hsa-miR-450b-3p,0.010,0.982,0.882,0.149,FALSE,FALSE,FALSE
hsa-miR-128-3p + hsa-miR-34b-5p,0.009,0.983,0.935,0.182,FALSE,FALSE,FALSE
hsa-miR-143-5p + hsa-miR-211-5p,0.002,0.983,0.910,-0.106,FALSE,FALSE,FALSE
hsa-miR-18a-5p + hsa-miR-196a-5p,0.006,0.983,0.896,-0.102,FALSE,FALSE,FALSE
hsa-miR-106b-5p + hsa-miR-27a-3p,0.002,0.984,0.912,-0.383,FALSE,FALSE,FALSE
hsa-miR-107 + hsa-miR-124-3p,0.013,0.984,0.926,0.188,FALSE,FALSE,FALSE
hsa-miR-27b-3p + hsa-miR-450b-3p,0.008,0.984,0.952,0.098,FALSE,FALSE,FALSE
hsa-miR-103a-3p + hsa-miR-25-3p,0.004,0.985,0.914,-0.025,FALSE,FALSE,FALSE
hsa-miR-19a-3p + hsa-miR-20a-5p,0.001,0.986,0.977,-0.427,FALSE,FALSE,FALSE
hsa-miR-103a-3p + hsa-miR-18a-5p,0.004,0.990,0.942,0.070,FALSE,FALSE,FALSE
hsa-miR-10b-5p + hsa-miR-17-5p,0.001,0.991,0.972,-0.354,FALSE,FALSE,FALSE
hsa-miR-200b-3p + hsa-miR-450b-3p,0.004,0.992,0.954,-0.020,FALSE,FALSE,FALSE
hsa-miR-106a-5p + hsa-miR-17-5p,0.001,0.992,0.981,-0.461,TRUE,FALSE,FALSE
hsa-miR-193b-3p + hsa-miR-452-5p,0.001,0.993,0.983,-0.067,FALSE,FALSE,FALSE
hsa-miR-135b-5p + hsa-miR-200a-3p,0.001,0.993,0.982,0.083,FALSE,FALSE,FALSE
hsa-miR-34b-5p + hsa-miR-506-3p,0.007,0.994,0.978,0.196,FALSE,FALSE,FALSE
hsa-miR-106b-5p + hsa-miR-3714,0.004,0.994,0.987,0.024,FALSE,FALSE,FALSE
hsa-miR-363-3p + hsa-miR-449b-5p,0.001,0.995,0.989,0.169,FALSE,FALSE,FALSE
hsa-miR-196a-5p + hsa-miR-34b-5p,0.002,0.996,0.988,0.174,FALSE,FALSE,FALSE
hsa-miR-20b-5p + hsa-miR-93-5p,0.001,0.996,0.990,-0.275,TRUE,FALSE,FALSE
hsa-miR-20a-5p + hsa-miR-34b-5p,0.002,0.996,0.987,0.132,FALSE,FALSE,FALSE
hsa-miR-128-3p + hsa-miR-340-5p,0.000,0.999,0.996,-0.055,FALSE,FALSE,FALSE
hsa-miR-19a-3p + hsa-miR-429,0.000,0.999,0.998,-0.144,FALSE,FALSE,FALSE
hsa-miR-34b-5p + hsa-miR-93-5p,0.000,1.001,0.997,0.157,FALSE,FALSE,FALSE
hsa-miR-34b-5p + hsa-miR-449a,-0.001,1.001,0.996,0.163,FALSE,FALSE,FALSE
hsa-miR-2110 + hsa-miR-340-5p,0.000,1.001,0.993,0.187,FALSE,FALSE,FALSE
hsa-miR-340-5p + hsa-miR-3937,-0.002,1.003,0.982,0.101,FALSE,FALSE,FALSE
hsa-miR-196a-5p + hsa-miR-449a,-0.001,1.004,0.988,0.101,FALSE,FALSE,FALSE
hsa-miR-107 + hsa-miR-340-5p,-0.002,1.005,0.992,0.128,FALSE,FALSE,FALSE
hsa-miR-27b-3p + hsa-miR-340-5p,-0.001,1.007,0.959,0.092,FALSE,FALSE,FALSE
hsa-miR-17-5p + hsa-miR-19b-3p,-0.001,1.008,0.988,-0.442,FALSE,FALSE,FALSE
hsa-miR-19a-3p + hsa-miR-200c-3p,-0.002,1.009,0.949,-0.035,FALSE,FALSE,FALSE
hsa-miR-193b-3p + hsa-miR-27a-3p,-0.001,1.009,0.971,0.173,FALSE,FALSE,FALSE
hsa-miR-106b-5p + hsa-miR-200a-3p,-0.002,1.009,0.966,-0.277,FALSE,FALSE,FALSE
hsa-miR-106a-5p + hsa-miR-200a-3p,-0.002,1.010,0.952,-0.235,FALSE,FALSE,FALSE
hsa-miR-103a-3p + hsa-miR-3714,-0.007,1.013,0.984,0.182,FALSE,FALSE,FALSE
hsa-miR-137 + hsa-miR-18a-5p,-0.006,1.018,0.947,0.109,FALSE,FALSE,FALSE
hsa-miR-135b-5p + hsa-miR-211-5p,-0.003,1.019,0.966,0.043,FALSE,FALSE,FALSE
hsa-miR-27a-3p + hsa-miR-34a-5p,-0.007,1.019,0.929,0.092,FALSE,FALSE,FALSE
hsa-miR-18b-5p + hsa-miR-340-5p,-0.007,1.021,0.946,0.055,FALSE,FALSE,FALSE
hsa-miR-18a-5p + hsa-miR-34a-5p,-0.008,1.022,0.922,0.065,FALSE,FALSE,FALSE
hsa-miR-34a-5p + hsa-miR-363-3p,-0.008,1.023,0.914,-0.059,FALSE,FALSE,FALSE
hsa-miR-19b-3p + hsa-miR-20a-5p,-0.002,1.025,0.969,-0.409,FALSE,FALSE,FALSE
hsa-miR-506-3p + hsa-miR-93-5p,-0.028,1.025,0.908,0.161,FALSE,FALSE,FALSE
hsa-miR-18b-5p + hsa-miR-450b-3p,-0.013,1.026,0.785,0.085,FALSE,FALSE,FALSE
hsa-miR-10b-5p + hsa-miR-19b-3p,-0.002,1.026,0.950,-0.361,FALSE,FALSE,FALSE
hsa-miR-17-5p + hsa-miR-200a-3p,-0.005,1.027,0.879,-0.212,FALSE,FALSE,FALSE
hsa-miR-106a-5p + hsa-miR-506-3p,-0.029,1.027,0.926,-0.139,FALSE,FALSE,FALSE
hsa-miR-106b-5p + hsa-miR-429,-0.006,1.028,0.865,-0.385,FALSE,FALSE,FALSE
hsa-miR-128-3p + hsa-miR-17-5p,-0.004,1.032,0.946,-0.206,FALSE,FALSE,FALSE
hsa-miR-143-5p + hsa-miR-452-5p,-0.003,1.033,0.925,-0.203,FALSE,FALSE,FALSE
hsa-miR-10b-5p + hsa-miR-92a-3p,-0.003,1.034,0.898,-0.127,FALSE,FALSE,FALSE
hsa-miR-200c-3p + hsa-miR-429,-0.008,1.034,0.890,0.079,TRUE,FALSE,FALSE
hsa-miR-10b-5p + hsa-miR-204-5p,-0.002,1.036,0.899,-0.401,FALSE,FALSE,FALSE
hsa-miR-10a-5p + hsa-miR-429,-0.008,1.039,0.832,0.003,FALSE,FALSE,FALSE
hsa-miR-27b-3p + hsa-miR-93-5p,-0.005,1.039,0.761,-0.263,FALSE,FALSE,FALSE
hsa-miR-17-5p + hsa-miR-204-5p,-0.003,1.041,0.594,-0.417,FALSE,FALSE,FALSE
hsa-miR-135b-5p + hsa-miR-363-3p,-0.007,1.042,0.950,0.083,FALSE,FALSE,FALSE
hsa-miR-200a-3p + hsa-miR-506-3p,-0.045,1.042,0.848,0.143,FALSE,FALSE,FALSE
hsa-miR-204-5p + hsa-miR-452-5p,-0.003,1.043,0.920,-0.290,FALSE,FALSE,FALSE
hsa-miR-506-3p + hsa-miR-873-5p,-0.047,1.044,0.867,0.189,FALSE,FALSE,FALSE
hsa-miR-200c-3p + hsa-miR-363-3p,-0.011,1.045,0.838,0.062,FALSE,FALSE,FALSE
hsa-miR-10b-5p + hsa-miR-3937,-0.033,1.045,0.730,0.089,FALSE,FALSE,FALSE
hsa-miR-211-5p + hsa-miR-450b-3p,-0.023,1.046,0.650,0.089,FALSE,FALSE,FALSE
hsa-miR-17-5p + hsa-miR-18b-5p,-0.015,1.047,0.752,-0.063,FALSE,FALSE,FALSE
hsa-miR-196a-5p + hsa-miR-2110,-0.010,1.048,0.867,0.179,FALSE,FALSE,FALSE
hsa-miR-19b-3p + hsa-miR-452-5p,-0.004,1.048,0.912,-0.029,FALSE,FALSE,FALSE
hsa-miR-143-5p + hsa-miR-20b-5p,-0.009,1.049,0.886,-0.330,FALSE,FALSE,FALSE
hsa-miR-10b-5p + hsa-miR-200b-3p,-0.013,1.050,0.482,0.079,FALSE,FALSE,FALSE
hsa-miR-128-3p + hsa-miR-143-5p,-0.006,1.050,0.919,-0.241,FALSE,FALSE,FALSE
hsa-miR-363-3p + hsa-miR-506-3p,-0.054,1.050,0.822,0.139,FALSE,FALSE,FALSE
hsa-miR-204-5p + hsa-miR-429,-0.011,1.052,0.744,-0.085,FALSE,FALSE,FALSE
hsa-miR-2110 + hsa-miR-363-3p,-0.008,1.053,0.861,0.138,FALSE,FALSE,FALSE
hsa-miR-193b-3p + hsa-miR-19b-3p,-0.006,1.056,0.832,-0.071,FALSE,FALSE,FALSE
hsa-miR-18a-5p + hsa-miR-200c-3p,-0.020,1.057,0.794,0.037,FALSE,FALSE,FALSE
hsa-miR-106b-5p + hsa-miR-211-5p,-0.005,1.058,0.606,-0.337,FALSE,FALSE,FALSE
hsa-miR-124-3p + hsa-miR-19a-3p,-0.046,1.061,0.710,-0.213,FALSE,FALSE,FALSE
hsa-miR-193b-3p + hsa-miR-20a-5p,-0.007,1.063,0.782,0.057,FALSE,FALSE,FALSE
hsa-miR-196a-5p + hsa-miR-34a-5p,-0.023,1.064,0.841,0.050,FALSE,FALSE,FALSE
hsa-miR-19b-3p + hsa-miR-200c-3p,-0.015,1.064,0.484,-0.005,FALSE,FALSE,FALSE
hsa-miR-128-3p + hsa-miR-200c-3p,-0.015,1.065,0.671,-0.064,FALSE,FALSE,FALSE
hsa-miR-103a-3p + hsa-miR-34b-5p,-0.033,1.066,0.802,0.174,FALSE,FALSE,FALSE
hsa-miR-19a-3p + hsa-miR-27a-3p,-0.007,1.068,0.785,-0.344,FALSE,FALSE,FALSE
hsa-miR-103a-3p + hsa-miR-450b-3p,-0.034,1.071,0.761,0.118,FALSE,FALSE,FALSE
hsa-miR-20a-5p + hsa-miR-93-5p,-0.008,1.072,0.633,-0.407,TRUE,FALSE,FALSE
hsa-miR-18b-5p + hsa-miR-2110,-0.023,1.074,0.788,0.166,FALSE,FALSE,FALSE
hsa-miR-10b-5p + hsa-miR-34a-5p,-0.026,1.074,0.770,0.085,FALSE,FALSE,FALSE
hsa-miR-340-5p + hsa-miR-450b-3p,-0.036,1.075,0.675,0.137,FALSE,FALSE,FALSE
hsa-miR-18a-5p + hsa-miR-20b-5p,-0.026,1.076,0.735,-0.061,FALSE,FALSE,FALSE
hsa-miR-429 + hsa-miR-873-5p,-0.016,1.076,0.663,-0.003,FALSE,FALSE,FALSE
hsa-miR-107 + hsa-miR-450b-3p,-0.037,1.077,0.506,0.104,FALSE,FALSE,FALSE
hsa-miR-200c-3p + hsa-miR-340-5p,-0.018,1.077,0.672,0.066,FALSE,FALSE,FALSE
hsa-miR-143-5p + hsa-miR-449a,-0.024,1.080,0.716,0.070,FALSE,FALSE,FALSE
hsa-miR-10a-5p + hsa-miR-506-3p,-0.083,1.080,0.748,0.189,FALSE,FALSE,FALSE
hsa-miR-106a-5p + hsa-miR-3714,-0.042,1.081,0.852,0.079,FALSE,FALSE,FALSE
hsa-miR-18b-5p + hsa-miR-27a-3p,-0.025,1.081,0.730,-0.098,FALSE,FALSE,FALSE
hsa-miR-20b-5p + hsa-miR-34b-5p,-0.041,1.082,0.744,0.155,FALSE,FALSE,FALSE
hsa-miR-200b-3p + hsa-miR-27a-3p,-0.021,1.083,0.284,0.029,FALSE,FALSE,FALSE
hsa-miR-106b-5p + hsa-miR-200b-3p,-0.021,1.083,0.508,-0.233,FALSE,FALSE,FALSE
hsa-miR-34a-5p + hsa-miR-450b-3p,-0.040,1.083,0.583,0.158,FALSE,FALSE,FALSE
hsa-miR-34b-5p + hsa-miR-449b-5p,-0.042,1.084,0.715,0.180,FALSE,FALSE,FALSE
hsa-miR-17-5p + hsa-miR-200c-3p,-0.020,1.086,0.650,0.023,FALSE,FALSE,FALSE
hsa-miR-200a-3p + hsa-miR-200c-3p,-0.020,1.086,0.552,0.076,FALSE,FALSE,FALSE
hsa-miR-3714 + hsa-miR-506-3p,-0.090,1.088,0.730,0.188,FALSE,FALSE,FALSE
hsa-miR-10a-5p + hsa-miR-200a-3p,-0.016,1.092,0.582,-0.151,FALSE,FALSE,FALSE
hsa-miR-106b-5p + hsa-miR-452-5p,-0.008,1.093,0.553,-0.215,FALSE,FALSE,FALSE
hsa-miR-103a-3p + hsa-miR-18b-5p,-0.029,1.095,0.607,-0.010,FALSE,FALSE,FALSE
hsa-miR-103a-3p + hsa-miR-3937,-0.068,1.098,0.549,0.087,FALSE,FALSE,FALSE
hsa-miR-10a-5p + hsa-miR-124-3p,-0.072,1.100,0.743,0.193,FALSE,FALSE,FALSE
hsa-miR-18a-5p + hsa-miR-34b-5p,-0.050,1.101,0.704,0.162,FALSE,FALSE,FALSE
hsa-miR-200c-3p + hsa-miR-450b-3p,-0.048,1.101,0.480,0.080,FALSE,FALSE,FALSE
hsa-miR-18a-5p + hsa-miR-18b-5p,-0.034,1.101,0.525,0.029,TRUE,FALSE,FALSE
hsa-miR-200a-3p + hsa-miR-34a-5p,-0.036,1.104,0.761,0.078,FALSE,FALSE,FALSE
hsa-miR-200b-3p + hsa-miR-204-5p,-0.026,1.104,0.268,-0.060,FALSE,FALSE,FALSE
hsa-miR-34b-5p + hsa-miR-873-5p,-0.051,1.105,0.656,0.175,FALSE,FALSE,FALSE
hsa-miR-128-3p + hsa-miR-92a-3p,-0.012,1.106,0.834,-0.222,FALSE,FALSE,FALSE
hsa-miR-200b-3p + hsa-miR-27b-3p,-0.027,1.107,0.375,-0.033,FALSE,FALSE,FALSE
hsa-miR-449b-5p + hsa-miR-450b-3p,-0.050,1.107,0.381,0.181,FALSE,FALSE,FALSE
hsa-miR-450b-3p + hsa-miR-506-3p,-0.108,1.108,0.663,0.125,FALSE,FALSE,FALSE
hsa-miR-106b-5p + hsa-miR-27b-3p,-0.012,1.109,0.606,-0.371,FALSE,FALSE,FALSE
hsa-miR-106a-5p + hsa-miR-27a-3p,-0.011,1.111,0.713,-0.404,FALSE,FALSE,FALSE
hsa-miR-19a-3p + hsa-miR-452-5p,-0.006,1.112,0.760,-0.344,FALSE,FALSE,FALSE
hsa-miR-25-3p + hsa-miR-506-3p,-0.112,1.112,0.683,0.089,FALSE,FALSE,FALSE
hsa-miR-17-5p + hsa-miR-18a-5p,-0.037,1.112,0.540,-0.127,FALSE,FALSE,FALSE
hsa-miR-103a-3p + hsa-miR-363-3p,-0.030,1.113,0.366,-0.198,FALSE,FALSE,FALSE
hsa-miR-2110 + hsa-miR-450b-3p,-0.054,1.115,0.555,0.167,FALSE,FALSE,FALSE
hsa-miR-19a-3p + hsa-miR-200b-3p,-0.029,1.116,0.573,0.014,FALSE,FALSE,FALSE
hsa-miR-10b-5p + hsa-miR-19a-3p,-0.006,1.117,0.754,-0.470,FALSE,FALSE,FALSE
hsa-miR-17-5p + hsa-miR-93-5p,-0.013,1.118,0.477,-0.373,TRUE,FALSE,FALSE
hsa-miR-27b-3p + hsa-miR-429,-0.024,1.122,0.491,-0.091,FALSE,FALSE,FALSE
hsa-miR-17-5p + hsa-miR-200b-3p,-0.030,1.123,0.213,0.077,FALSE,FALSE,FALSE
hsa-miR-19b-3p + hsa-miR-340-5p,-0.019,1.124,0.595,-0.217,FALSE,FALSE,FALSE
hsa-miR-107 + hsa-miR-429,-0.042,1.126,0.804,0.080,FALSE,FALSE,FALSE
hsa-miR-107 + hsa-miR-873-5p,-0.043,1.126,0.814,0.129,FALSE,FALSE,FALSE
hsa-miR-124-3p + hsa-miR-873-5p,-0.092,1.130,0.494,0.196,FALSE,FALSE,FALSE
hsa-miR-363-3p + hsa-miR-429,-0.026,1.132,0.459,0.004,FALSE,FALSE,FALSE
hsa-miR-18b-5p + hsa-miR-34b-5p,-0.063,1.132,0.630,0.156,FALSE,FALSE,FALSE
hsa-miR-107 + hsa-miR-10b-5p,-0.046,1.137,0.789,0.126,FALSE,FALSE,FALSE
hsa-miR-124-3p + hsa-miR-18b-5p,-0.097,1.139,0.470,0.085,FALSE,FALSE,FALSE
hsa-miR-124-3p + hsa-miR-450b-3p,-0.099,1.142,0.475,0.096,FALSE,FALSE,FALSE
hsa-miR-135b-5p + hsa-miR-92a-3p,-0.021,1.142,0.766,-0.014,FALSE,FALSE,FALSE
hsa-miR-27a-3p + hsa-miR-340-5p,-0.022,1.143,0.378,0.111,FALSE,FALSE,FALSE
hsa-miR-27b-3p + hsa-miR-506-3p,-0.140,1.143,0.624,0.190,FALSE,FALSE,FALSE
hsa-miR-10a-5p + hsa-miR-200b-3p,-0.035,1.145,0.162,-0.014,FALSE,FALSE,FALSE
hsa-miR-107 + hsa-miR-93-5p,-0.049,1.146,0.775,0.076,FALSE,FALSE,FALSE
hsa-miR-10b-5p + hsa-miR-193b-3p,-0.014,1.147,0.555,0.192,FALSE,FALSE,FALSE
hsa-miR-106a-5p + hsa-miR-27b-3p,-0.015,1.147,0.660,-0.368,FALSE,FALSE,FALSE
hsa-miR-143-5p + hsa-miR-200c-3p,-0.032,1.148,0.228,0.018,FALSE,FALSE,FALSE
hsa-miR-107 + hsa-miR-27a-3p,-0.049,1.150,0.791,0.118,FALSE,FALSE,FALSE
hsa-miR-143-5p + hsa-miR-429,-0.029,1.151,0.406,-0.116,FALSE,FALSE,FALSE
hsa-miR-106b-5p + hsa-miR-93-5p,-0.016,1.151,0.514,-0.407,TRUE,FALSE,FALSE
hsa-miR-193b-3p + hsa-miR-450b-3p,-0.069,1.152,0.419,0.148,FALSE,FALSE,FALSE
hsa-miR-106b-5p + hsa-miR-10a-5p,-0.012,1.153,0.063,-0.422,FALSE,FALSE,FALSE
hsa-miR-10a-5p + hsa-miR-17-5p,-0.011,1.153,0.820,-0.532,FALSE,FALSE,FALSE
hsa-miR-18b-5p + hsa-miR-25-3p,-0.044,1.154,0.420,-0.161,FALSE,FALSE,FALSE
hsa-miR-193b-3p + hsa-miR-2110,-0.017,1.155,0.494,0.196,FALSE,FALSE,FALSE
hsa-miR-450b-3p + hsa-miR-93-5p,-0.071,1.160,0.482,0.110,FALSE,FALSE,FALSE
hsa-miR-106a-5p + hsa-miR-20a-5p,-0.014,1.163,0.725,-0.491,TRUE,FALSE,FALSE
hsa-miR-128-3p + hsa-miR-200b-3p,-0.039,1.163,0.157,-0.103,FALSE,FALSE,FALSE
hsa-miR-19a-3p + hsa-miR-340-5p,-0.025,1.164,0.422,-0.231,FALSE,FALSE,FALSE
hsa-miR-135b-5p + hsa-miR-19b-3p,-0.024,1.164,0.774,-0.172,FALSE,FALSE,FALSE
hsa-miR-17-5p + hsa-miR-450b-3p,-0.074,1.166,0.299,0.045,FALSE,FALSE,FALSE
hsa-miR-25-3p + hsa-miR-27a-3p,-0.042,1.166,0.429,-0.113,FALSE,FALSE,FALSE
hsa-miR-193b-3p + hsa-miR-19a-3p,-0.016,1.168,0.502,-0.065,FALSE,FALSE,FALSE
hsa-miR-20a-5p + hsa-miR-211-5p,-0.014,1.168,0.593,-0.342,FALSE,FALSE,FALSE
hsa-miR-124-3p + hsa-miR-19b-3p,-0.115,1.169,0.451,-0.297,FALSE,FALSE,FALSE
hsa-miR-10a-5p + hsa-miR-450b-3p,-0.076,1.171,0.346,0.162,FALSE,FALSE,FALSE
hsa-miR-107 + hsa-miR-18b-5p,-0.056,1.172,0.746,0.068,FALSE,FALSE,FALSE
hsa-miR-25-3p + hsa-miR-363-3p,-0.044,1.172,0.272,-0.119,TRUE,FALSE,FALSE
hsa-miR-204-5p + hsa-miR-450b-3p,-0.077,1.175,0.162,0.107,FALSE,FALSE,FALSE
hsa-miR-196a-5p + hsa-miR-3937,-0.116,1.180,0.575,0.074,FALSE,FALSE,FALSE
hsa-miR-200a-3p + hsa-miR-20a-5p,-0.029,1.180,0.385,-0.315,FALSE,FALSE,FALSE
hsa-miR-25-3p + hsa-miR-449a,-0.049,1.180,0.395,0.123,FALSE,FALSE,FALSE
hsa-miR-34b-5p + hsa-miR-450b-3p,-0.083,1.181,0.600,0.191,FALSE,FALSE,FALSE
hsa-miR-200a-3p + hsa-miR-92a-3p,-0.029,1.182,0.349,-0.112,FALSE,FALSE,FALSE
hsa-miR-17-5p + hsa-miR-27b-3p,-0.018,1.182,0.430,-0.378,FALSE,FALSE,FALSE
hsa-miR-34a-5p + hsa-miR-506-3p,-0.172,1.183,0.664,0.188,FALSE,FALSE,FALSE
hsa-miR-107 + hsa-miR-10a-5p,-0.059,1.184,0.732,0.157,FALSE,FALSE,FALSE
hsa-miR-106a-5p + hsa-miR-124-3p,-0.124,1.185,0.469,-0.153,FALSE,FALSE,FALSE
hsa-miR-19b-3p + hsa-miR-200b-3p,-0.044,1.186,0.154,-0.027,FALSE,FALSE,FALSE
hsa-miR-106a-5p + hsa-miR-34b-5p,-0.085,1.186,0.569,0.128,FALSE,FALSE,FALSE
hsa-miR-107 + hsa-miR-200a-3p,-0.060,1.188,0.722,-0.079,FALSE,FALSE,FALSE
hsa-miR-137 + hsa-miR-200c-3p,-0.040,1.189,0.027,0.170,FALSE,FALSE,FALSE
hsa-miR-106b-5p + hsa-miR-92a-3p,-0.015,1.191,0.190,-0.291,FALSE,FALSE,FALSE
hsa-miR-106a-5p + hsa-miR-204-5p,-0.016,1.193,0.480,-0.472,FALSE,FALSE,FALSE
hsa-miR-143-5p + hsa-miR-19a-3p,-0.013,1.194,0.724,-0.454,FALSE,FALSE,FALSE
hsa-miR-200b-3p + hsa-miR-211-5p,-0.045,1.196,0.140,-0.056,FALSE,FALSE,FALSE
hsa-miR-106a-5p + hsa-miR-18a-5p,-0.060,1.196,0.550,-0.231,FALSE,FALSE,FALSE
hsa-miR-25-3p + hsa-miR-450b-3p,-0.086,1.198,0.323,0.014,FALSE,FALSE,FALSE
hsa-miR-200c-3p + hsa-miR-211-5p,-0.042,1.200,0.262,-0.029,FALSE,FALSE,FALSE
hsa-miR-107 + hsa-miR-19a-3p,-0.064,1.201,0.709,-0.147,FALSE,FALSE,FALSE
hsa-miR-124-3p + hsa-miR-3714,-0.134,1.201,0.398,0.192,FALSE,FALSE,FALSE
hsa-miR-18a-5p + hsa-miR-27b-3p,-0.062,1.202,0.455,-0.127,FALSE,FALSE,FALSE
hsa-miR-107 + hsa-miR-25-3p,-0.064,1.202,0.711,0.012,FALSE,FALSE,FALSE
hsa-miR-200a-3p + hsa-miR-200b-3p,-0.047,1.204,0.104,-0.013,FALSE,FALSE,FALSE
hsa-miR-103a-3p + hsa-miR-107,-0.065,1.205,0.729,0.167,TRUE,FALSE,FALSE
hsa-miR-107 + hsa-miR-27b-3p,-0.065,1.206,0.709,0.130,FALSE,FALSE,FALSE
hsa-miR-19a-3p + hsa-miR-204-5p,-0.009,1.206,0.548,-0.553,FALSE,FALSE,FALSE
hsa-miR-106b-5p + hsa-miR-34b-5p,-0.093,1.206,0.493,0.156,FALSE,FALSE,FALSE
hsa-miR-106a-5p + hsa-miR-143-5p,-0.017,1.207,0.543,-0.477,FALSE,FALSE,FALSE
hsa-miR-3714 + hsa-miR-449a,-0.096,1.207,0.688,0.178,FALSE,FALSE,FALSE
hsa-miR-135b-5p + hsa-miR-25-3p,-0.051,1.208,0.495,0.042,FALSE,FALSE,FALSE
hsa-miR-106a-5p + hsa-miR-211-5p,-0.017,1.210,0.256,-0.405,FALSE,FALSE,FALSE
hsa-miR-18a-5p + hsa-miR-27a-3p,-0.064,1.211,0.245,-0.045,FALSE,FALSE,FALSE
hsa-miR-25-3p + hsa-miR-340-5p,-0.052,1.211,0.102,0.067,FALSE,FALSE,FALSE
hsa-miR-10a-5p + hsa-miR-19b-3p,-0.015,1.212,0.728,-0.410,FALSE,FALSE,FALSE
hsa-miR-204-5p + hsa-miR-211-5p,-0.018,1.219,0.098,-0.272,TRUE,FALSE,FALSE
hsa-miR-107 + hsa-miR-20b-5p,-0.069,1.220,0.692,-0.018,FALSE,FALSE,FALSE
hsa-miR-27a-3p + hsa-miR-506-3p,-0.204,1.223,0.429,0.170,FALSE,FALSE,FALSE
hsa-miR-20b-5p + hsa-miR-449a,-0.059,1.225,0.306,0.049,FALSE,FALSE,FALSE
hsa-miR-10b-5p + hsa-miR-873-5p,-0.016,1.225,0.219,-0.060,FALSE,FALSE,FALSE
hsa-miR-10a-5p + hsa-miR-193b-3p,-0.020,1.229,0.422,0.196,FALSE,FALSE,FALSE
hsa-miR-10a-5p + hsa-miR-143-5p,-0.015,1.229,0.547,-0.308,FALSE,FALSE,FALSE
hsa-miR-18a-5p + hsa-miR-2110,-0.071,1.241,0.272,0.161,FALSE,FALSE,FALSE
hsa-miR-18a-5p + hsa-miR-93-5p,-0.071,1.242,0.206,-0.077,FALSE,FALSE,FALSE
hsa-miR-20b-5p + hsa-miR-27b-3p,-0.038,1.244,0.553,-0.273,FALSE,FALSE,FALSE
hsa-miR-18a-5p + hsa-miR-20a-5p,-0.072,1.244,0.204,-0.117,FALSE,FALSE,FALSE
hsa-miR-10a-5p + hsa-miR-3937,-0.151,1.246,0.181,0.105,FALSE,FALSE,FALSE
hsa-miR-19a-3p + hsa-miR-27b-3p,-0.023,1.247,0.602,-0.309,FALSE,FALSE,FALSE
hsa-miR-10b-5p + hsa-miR-18b-5p,-0.066,1.248,0.344,-0.027,FALSE,FALSE,FALSE
hsa-miR-211-5p + hsa-miR-429,-0.044,1.249,0.250,-0.133,FALSE,FALSE,FALSE
hsa-miR-107 + hsa-miR-506-3p,-0.223,1.250,0.406,0.205,FALSE,FALSE,FALSE
hsa-miR-449b-5p + hsa-miR-873-5p,-0.021,1.252,0.406,0.183,FALSE,FALSE,FALSE
hsa-miR-17-5p + hsa-miR-873-5p,-0.017,1.252,0.446,-0.472,FALSE,FALSE,FALSE
hsa-miR-17-5p + hsa-miR-27a-3p,-0.021,1.252,0.151,-0.380,FALSE,FALSE,FALSE
hsa-miR-107 + hsa-miR-143-5p,-0.077,1.253,0.666,0.091,FALSE,FALSE,FALSE
hsa-miR-106a-5p + hsa-miR-340-5p,-0.035,1.253,0.201,-0.385,FALSE,FALSE,FALSE
hsa-miR-10a-5p + hsa-miR-18a-5p,-0.074,1.255,0.191,-0.050,FALSE,FALSE,FALSE
hsa-miR-25-3p + hsa-miR-429,-0.061,1.257,0.171,0.020,FALSE,FALSE,FALSE
hsa-miR-10a-5p + hsa-miR-92a-3p,-0.017,1.258,0.342,-0.295,FALSE,FALSE,FALSE
hsa-miR-143-5p + hsa-miR-200b-3p,-0.057,1.258,0.171,0.040,FALSE,FALSE,FALSE
hsa-miR-103a-3p + hsa-miR-2110,-0.062,1.259,0.184,0.187,FALSE,FALSE,FALSE
hsa-miR-128-3p + hsa-miR-18b-5p,-0.068,1.260,0.523,-0.225,FALSE,FALSE,FALSE
hsa-miR-18b-5p + hsa-miR-196a-5p,-0.068,1.260,0.189,-0.111,FALSE,FALSE,FALSE
hsa-miR-10b-5p + hsa-miR-128-3p,-0.026,1.260,0.657,-0.179,FALSE,FALSE,FALSE
hsa-miR-20b-5p + hsa-miR-450b-3p,-0.107,1.261,0.088,0.075,FALSE,FALSE,FALSE
hsa-miR-107 + hsa-miR-34a-5p,-0.079,1.262,0.486,0.174,FALSE,FALSE,FALSE
hsa-miR-124-3p + hsa-miR-18a-5p,-0.166,1.263,0.251,0.081,FALSE,FALSE,FALSE
hsa-miR-340-5p + hsa-miR-363-3p,-0.036,1.264,0.288,0.091,FALSE,FALSE,FALSE
hsa-miR-18b-5p + hsa-miR-27b-3p,-0.069,1.265,0.332,-0.182,FALSE,FALSE,FALSE
hsa-miR-17-5p + hsa-miR-452-5p,-0.017,1.266,0.456,-0.287,FALSE,FALSE,FALSE
hsa-miR-135b-5p + hsa-miR-450b-3p,-0.110,1.268,0.215,0.110,FALSE,FALSE,FALSE
hsa-miR-18b-5p + hsa-miR-20b-5p,-0.070,1.269,0.239,-0.114,FALSE,FALSE,FALSE
hsa-miR-128-3p + hsa-miR-450b-3p,-0.110,1.269,0.089,0.081,FALSE,FALSE,FALSE
hsa-miR-200c-3p + hsa-miR-873-5p,-0.053,1.270,0.016,0.107,FALSE,FALSE,FALSE
hsa-miR-107 + hsa-miR-3714,-0.121,1.276,0.589,0.170,FALSE,FALSE,FALSE
hsa-miR-10a-5p + hsa-miR-128-3p,-0.027,1.280,0.666,-0.249,FALSE,FALSE,FALSE
hsa-miR-211-5p + hsa-miR-363-3p,-0.033,1.281,0.433,-0.257,FALSE,FALSE,FALSE
hsa-miR-18a-5p + hsa-miR-363-3p,-0.081,1.283,0.209,-0.078,FALSE,FALSE,FALSE
hsa-miR-340-5p + hsa-miR-429,-0.049,1.286,0.381,0.093,FALSE,FALSE,FALSE
hsa-miR-124-3p + hsa-miR-340-5p,-0.177,1.286,0.326,0.189,FALSE,FALSE,FALSE
hsa-miR-128-3p + hsa-miR-135b-5p,-0.037,1.287,0.662,0.126,FALSE,FALSE,FALSE
hsa-miR-2110 + hsa-miR-34a-5p,-0.086,1.290,0.331,0.181,FALSE,FALSE,FALSE
hsa-miR-135b-5p + hsa-miR-137,-0.057,1.291,0.428,0.170,FALSE,FALSE,FALSE
hsa-miR-211-5p + hsa-miR-27a-3p,-0.024,1.291,0.103,-0.269,FALSE,FALSE,FALSE
hsa-miR-19a-3p + hsa-miR-93-5p,-0.027,1.293,0.319,-0.380,FALSE,FALSE,FALSE
hsa-miR-200b-3p + hsa-miR-200c-3p,-0.063,1.294,0.101,0.105,TRUE,FALSE,FALSE
hsa-miR-19a-3p + hsa-miR-211-5p,-0.023,1.295,0.231,-0.223,FALSE,FALSE,FALSE
hsa-miR-17-5p + hsa-miR-92a-3p,-0.019,1.296,0.318,-0.253,FALSE,FALSE,FALSE
hsa-miR-124-3p + hsa-miR-3937,-0.182,1.296,0.312,0.211,FALSE,FALSE,FALSE
hsa-miR-103a-3p + hsa-miR-10b-5p,-0.069,1.298,0.161,-0.012,FALSE,FALSE,FALSE
hsa-miR-103a-3p + hsa-miR-196a-5p,-0.069,1.299,0.137,-0.079,FALSE,FALSE,FALSE
hsa-miR-196a-5p + hsa-miR-363-3p,-0.052,1.304,0.378,-0.226,FALSE,FALSE,FALSE
hsa-miR-193b-3p + hsa-miR-93-5p,-0.028,1.307,0.352,0.108,FALSE,FALSE,FALSE
hsa-miR-429 + hsa-miR-449a,-0.076,1.308,0.227,0.139,FALSE,FALSE,FALSE
hsa-miR-103a-3p + hsa-miR-124-3p,-0.188,1.309,0.498,0.187,FALSE,FALSE,FALSE
hsa-miR-200a-3p + hsa-miR-25-3p,-0.070,1.311,0.037,0.016,FALSE,FALSE,FALSE
hsa-miR-106a-5p + hsa-miR-93-5p,-0.029,1.312,0.170,-0.401,TRUE,FALSE,FALSE
hsa-miR-18a-5p + hsa-miR-204-5p,-0.087,1.313,0.169,-0.226,FALSE,FALSE,FALSE
hsa-miR-128-3p + hsa-miR-193b-3p,-0.030,1.313,0.614,0.050,FALSE,FALSE,FALSE
hsa-miR-10b-5p + hsa-miR-506-3p,-0.267,1.313,0.332,0.199,FALSE,FALSE,FALSE
hsa-miR-143-5p + hsa-miR-3714,-0.134,1.314,0.543,0.177,FALSE,FALSE,FALSE
hsa-miR-137 + hsa-miR-506-3p,-0.269,1.318,0.320,0.171,FALSE,FALSE,FALSE
hsa-miR-143-5p + hsa-miR-93-5p,-0.029,1.320,0.150,-0.499,FALSE,FALSE,FALSE
hsa-miR-18a-5p + hsa-miR-449a,-0.090,1.325,0.396,0.128,FALSE,FALSE,FALSE
hsa-miR-143-5p + hsa-miR-19b-3p,-0.021,1.329,0.559,-0.383,FALSE,FALSE,FALSE
hsa-miR-10b-5p + hsa-miR-196a-5p,-0.056,1.330,0.347,-0.089,FALSE,FALSE,FALSE
hsa-miR-106b-5p + hsa-miR-10b-5p,-0.023,1.333,0.426,-0.499,FALSE,FALSE,FALSE
hsa-miR-200c-3p + hsa-miR-452-5p,-0.062,1.334,0.054,-0.202,FALSE,FALSE,FALSE
hsa-miR-106a-5p + hsa-miR-18b-5p,-0.083,1.335,0.170,-0.295,FALSE,FALSE,FALSE
hsa-miR-27a-3p + hsa-miR-3937,-0.192,1.335,0.098,0.124,FALSE,FALSE,FALSE
hsa-miR-135b-5p + hsa-miR-2110,-0.042,1.338,0.553,0.194,FALSE,FALSE,FALSE
hsa-miR-3937 + hsa-miR-449a,-0.193,1.339,0.095,0.149,FALSE,FALSE,FALSE
hsa-miR-19b-3p + hsa-miR-27a-3p,-0.027,1.343,0.053,-0.384,FALSE,FALSE,FALSE
hsa-miR-106a-5p + hsa-miR-128-3p,-0.032,1.344,0.595,-0.277,FALSE,FALSE,FALSE
hsa-miR-10b-5p + hsa-miR-18a-5p,-0.094,1.345,0.134,-0.060,FALSE,FALSE,FALSE
hsa-miR-17-5p + hsa-miR-193b-3p,-0.028,1.350,0.270,0.119,FALSE,FALSE,FALSE
hsa-miR-200b-3p + hsa-miR-452-5p,-0.072,1.351,0.147,-0.181,FALSE,FALSE,FALSE
hsa-miR-200b-3p + hsa-miR-873-5p,-0.072,1.352,0.023,0.108,FALSE,FALSE,FALSE
hsa-miR-3937 + hsa-miR-873-5p,-0.199,1.353,0.085,-0.055,FALSE,FALSE,FALSE
hsa-miR-10b-5p + hsa-miR-200a-3p,-0.049,1.355,0.164,-0.259,FALSE,FALSE,FALSE
hsa-miR-103a-3p + hsa-miR-200a-3p,-0.078,1.355,0.076,-0.125,FALSE,FALSE,FALSE
hsa-miR-18a-5p + hsa-miR-200b-3p,-0.097,1.359,0.297,-0.030,FALSE,FALSE,FALSE
hsa-miR-19a-3p + hsa-miR-92a-3p,-0.022,1.362,0.331,-0.354,FALSE,FALSE,FALSE
hsa-miR-128-3p + hsa-miR-18a-5p,-0.098,1.365,0.127,-0.163,FALSE,FALSE,FALSE
hsa-miR-106a-5p + hsa-miR-452-5p,-0.026,1.365,0.370,-0.354,FALSE,FALSE,FALSE
hsa-miR-211-5p + hsa-miR-27b-3p,-0.031,1.366,0.287,-0.279,FALSE,FALSE,FALSE
hsa-miR-204-5p + hsa-miR-93-5p,-0.033,1.367,0.113,-0.441,FALSE,FALSE,FALSE
hsa-miR-27b-3p + hsa-miR-363-3p,-0.041,1.368,0.430,-0.275,FALSE,FALSE,FALSE
hsa-miR-143-5p + hsa-miR-450b-3p,-0.140,1.370,0.189,0.060,FALSE,FALSE,FALSE
hsa-miR-106b-5p + hsa-miR-19b-3p,-0.025,1.370,0.173,-0.456,FALSE,FALSE,FALSE
hsa-miR-10b-5p + hsa-miR-25-3p,-0.080,1.371,0.029,-0.079,FALSE,FALSE,FALSE
hsa-miR-18a-5p + hsa-miR-340-5p,-0.099,1.371,0.188,0.082,FALSE,FALSE,FALSE
hsa-miR-106b-5p + hsa-miR-20b-5p,-0.053,1.372,0.257,-0.329,TRUE,FALSE,FALSE
hsa-miR-106a-5p + hsa-miR-449a,-0.088,1.375,0.244,0.025,FALSE,FALSE,FALSE
hsa-miR-19a-3p + hsa-miR-450b-3p,-0.142,1.377,0.171,-0.019,FALSE,FALSE,FALSE
hsa-miR-193b-3p + hsa-miR-429,-0.060,1.377,0.146,0.159,FALSE,FALSE,FALSE
hsa-miR-449a + hsa-miR-93-5p,-0.088,1.377,0.188,0.036,FALSE,FALSE,FALSE
hsa-miR-340-5p + hsa-miR-873-5p,-0.048,1.377,0.141,0.147,FALSE,FALSE,FALSE
hsa-miR-143-5p + hsa-miR-204-5p,-0.022,1.379,0.402,-0.376,FALSE,FALSE,FALSE
hsa-miR-135b-5p + hsa-miR-18b-5p,-0.092,1.385,0.109,0.069,FALSE,FALSE,FALSE
hsa-miR-196a-5p + hsa-miR-27a-3p,-0.062,1.387,0.326,-0.247,FALSE,FALSE,FALSE
hsa-miR-340-5p + hsa-miR-34a-5p,-0.106,1.388,0.444,0.130,FALSE,FALSE,FALSE
hsa-miR-10a-5p + hsa-miR-3714,-0.157,1.389,0.507,0.174,FALSE,FALSE,FALSE
hsa-miR-34a-5p + hsa-miR-873-5p,-0.107,1.390,0.276,0.036,FALSE,FALSE,FALSE
hsa-miR-18b-5p + hsa-miR-34a-5p,-0.108,1.398,0.245,0.073,FALSE,FALSE,FALSE
hsa-miR-10b-5p + hsa-miR-20b-5p,-0.056,1.398,0.323,-0.332,FALSE,FALSE,FALSE
hsa-miR-27a-3p + hsa-miR-3714,-0.161,1.405,0.531,0.183,FALSE,FALSE,FALSE
hsa-miR-107 + hsa-miR-200b-3p,-0.110,1.405,0.538,0.098,FALSE,FALSE,FALSE
hsa-miR-200a-3p + hsa-miR-27b-3p,-0.054,1.405,0.141,-0.206,FALSE,FALSE,FALSE
hsa-miR-106a-5p + hsa-miR-92a-3p,-0.028,1.406,0.156,-0.387,FALSE,FALSE,FALSE
hsa-miR-128-3p + hsa-miR-3937,-0.221,1.407,0.168,-0.072,FALSE,FALSE,FALSE
hsa-miR-10b-5p + hsa-miR-211-5p,-0.029,1.407,0.025,-0.219,FALSE,FALSE,FALSE
hsa-miR-449a + hsa-miR-873-5p,-0.094,1.412,0.153,0.133,FALSE,FALSE,FALSE
hsa-miR-143-5p + hsa-miR-200a-3p,-0.055,1.412,0.291,-0.319,FALSE,FALSE,FALSE
hsa-miR-17-5p + hsa-miR-20b-5p,-0.057,1.414,0.229,-0.325,TRUE,FALSE,FALSE
hsa-miR-204-5p + hsa-miR-27a-3p,-0.031,1.415,0.063,-0.330,FALSE,FALSE,FALSE
hsa-miR-196a-5p + hsa-miR-25-3p,-0.087,1.419,0.050,-0.231,FALSE,FALSE,FALSE
hsa-miR-200a-3p + hsa-miR-27a-3p,-0.056,1.420,0.135,-0.301,FALSE,FALSE,FALSE
hsa-miR-103a-3p + hsa-miR-429,-0.089,1.421,0.052,0.078,FALSE,FALSE,FALSE
hsa-miR-200b-3p + hsa-miR-429,-0.082,1.423,0.015,0.112,TRUE,FALSE,FALSE
hsa-miR-27b-3p + hsa-miR-92a-3p,-0.035,1.425,0.425,-0.359,FALSE,FALSE,FALSE
hsa-miR-27b-3p + hsa-miR-452-5p,-0.036,1.435,0.200,-0.279,FALSE,FALSE,FALSE
hsa-miR-211-5p + hsa-miR-340-5p,-0.053,1.435,0.088,-0.061,FALSE,FALSE,FALSE
hsa-miR-143-5p + hsa-miR-340-5p,-0.053,1.437,0.094,0.155,FALSE,FALSE,FALSE
hsa-miR-20a-5p + hsa-miR-3714,-0.171,1.440,0.459,0.130,FALSE,FALSE,FALSE
hsa-miR-25-3p + hsa-miR-34a-5p,-0.117,1.442,0.370,-0.160,FALSE,FALSE,FALSE
hsa-miR-137 + hsa-miR-18b-5p,-0.102,1.446,0.106,0.173,FALSE,FALSE,FALSE
hsa-miR-135b-5p + hsa-miR-18a-5p,-0.113,1.447,0.095,0.113,FALSE,FALSE,FALSE
hsa-miR-18b-5p + hsa-miR-363-3p,-0.103,1.453,0.083,-0.223,FALSE,FALSE,FALSE
hsa-miR-107 + hsa-miR-200c-3p,-0.119,1.454,0.509,0.092,FALSE,FALSE,FALSE
hsa-miR-429 + hsa-miR-92a-3p,-0.069,1.455,0.111,-0.122,FALSE,FALSE,FALSE
hsa-miR-20b-5p + hsa-miR-27a-3p,-0.061,1.457,0.205,-0.433,FALSE,FALSE,FALSE
hsa-miR-128-3p + hsa-miR-873-5p,-0.039,1.458,0.529,-0.355,FALSE,FALSE,FALSE
hsa-miR-128-3p + hsa-miR-196a-5p,-0.070,1.460,0.258,-0.088,FALSE,FALSE,FALSE
hsa-miR-10b-5p + hsa-miR-20a-5p,-0.030,1.463,0.378,-0.471,FALSE,FALSE,FALSE
hsa-miR-10a-5p + hsa-miR-20b-5p,-0.062,1.465,0.252,-0.326,FALSE,FALSE,FALSE
hsa-miR-107 + hsa-miR-34b-5p,-0.172,1.467,0.214,0.197,FALSE,FALSE,FALSE
hsa-miR-106b-5p + hsa-miR-124-3p,-0.254,1.468,0.120,-0.271,FALSE,FALSE,FALSE
hsa-miR-18b-5p + hsa-miR-506-3p,-0.356,1.468,0.219,0.165,FALSE,FALSE,FALSE
hsa-miR-10a-5p + hsa-miR-19a-3p,-0.022,1.473,0.079,-0.534,FALSE,FALSE,FALSE
hsa-miR-204-5p + hsa-miR-3714,-0.181,1.477,0.577,0.169,FALSE,FALSE,FALSE
hsa-miR-18b-5p + hsa-miR-20a-5p,-0.107,1.477,0.111,-0.363,FALSE,FALSE,FALSE
hsa-miR-200a-3p + hsa-miR-204-5p,-0.061,1.483,0.110,-0.252,FALSE,FALSE,FALSE
hsa-miR-20a-5p + hsa-miR-449a,-0.105,1.484,0.126,0.015,FALSE,FALSE,FALSE
hsa-miR-193b-3p + hsa-miR-204-5p,-0.036,1.485,0.341,0.176,FALSE,FALSE,FALSE
hsa-miR-200c-3p + hsa-miR-25-3p,-0.097,1.486,0.024,0.019,FALSE,FALSE,FALSE
hsa-miR-17-5p + hsa-miR-3714,-0.185,1.493,0.461,0.167,FALSE,FALSE,FALSE
hsa-miR-103a-3p + hsa-miR-10a-5p,-0.099,1.495,0.048,0.028,FALSE,FALSE,FALSE
hsa-miR-20a-5p + hsa-miR-450b-3p,-0.173,1.500,0.096,0.024,FALSE,FALSE,FALSE
hsa-miR-143-5p + hsa-miR-18a-5p,-0.122,1.501,0.088,-0.004,FALSE,FALSE,FALSE
hsa-miR-2110 + hsa-miR-449a,-0.108,1.502,0.179,0.200,FALSE,FALSE,FALSE
hsa-miR-18b-5p + hsa-miR-449a,-0.111,1.502,0.276,0.164,FALSE,FALSE,FALSE
hsa-miR-196a-5p + hsa-miR-449b-5p,-0.075,1.508,0.247,0.182,FALSE,FALSE,FALSE
hsa-miR-106a-5p + hsa-miR-450b-3p,-0.175,1.509,0.054,-0.134,FALSE,FALSE,FALSE
hsa-miR-18b-5p + hsa-miR-449b-5p,-0.112,1.514,0.123,0.168,FALSE,FALSE,FALSE
hsa-miR-106a-5p + hsa-miR-19b-3p,-0.033,1.515,0.050,-0.508,FALSE,FALSE,FALSE
hsa-miR-17-5p + hsa-miR-25-3p,-0.101,1.516,0.011,-0.142,FALSE,FALSE,FALSE
hsa-miR-10a-5p + hsa-miR-211-5p,-0.034,1.516,0.018,-0.296,FALSE,FALSE,FALSE
hsa-miR-10a-5p + hsa-miR-340-5p,-0.060,1.519,0.077,0.159,FALSE,FALSE,FALSE
hsa-miR-196a-5p + hsa-miR-200b-3p,-0.095,1.520,0.308,-0.166,FALSE,FALSE,FALSE
hsa-miR-17-5p + hsa-miR-19a-3p,-0.028,1.524,0.043,-0.539,FALSE,FALSE,FALSE
hsa-miR-19a-3p + hsa-miR-19b-3p,-0.029,1.527,0.432,-0.569,TRUE,FALSE,FALSE
hsa-miR-107 + hsa-miR-20a-5p,-0.132,1.533,0.470,-0.286,FALSE,FALSE,FALSE
hsa-miR-137 + hsa-miR-429,-0.088,1.533,0.052,0.189,FALSE,FALSE,FALSE
hsa-miR-17-5p + hsa-miR-3937,-0.268,1.541,0.120,-0.185,FALSE,FALSE,FALSE
hsa-miR-200a-3p + hsa-miR-363-3p,-0.066,1.542,0.092,-0.139,FALSE,FALSE,FALSE
hsa-miR-363-3p + hsa-miR-873-5p,-0.053,1.543,0.173,-0.089,FALSE,FALSE,FALSE
hsa-miR-211-5p + hsa-miR-34b-5p,-0.191,1.546,0.206,0.152,FALSE,FALSE,FALSE
hsa-miR-10a-5p + hsa-miR-25-3p,-0.105,1.550,0.114,0.000,FALSE,FALSE,FALSE
hsa-miR-204-5p + hsa-miR-34a-5p,-0.135,1.551,0.170,-0.046,FALSE,FALSE,FALSE
hsa-miR-18b-5p + hsa-miR-204-5p,-0.118,1.551,0.089,-0.244,FALSE,FALSE,FALSE
hsa-miR-20a-5p + hsa-miR-452-5p,-0.033,1.554,0.191,-0.271,FALSE,FALSE,FALSE
hsa-miR-135b-5p + hsa-miR-3937,-0.273,1.555,0.045,0.141,FALSE,FALSE,FALSE
hsa-miR-200b-3p + hsa-miR-25-3p,-0.106,1.559,0.011,0.017,FALSE,FALSE,FALSE
hsa-miR-103a-3p + hsa-miR-143-5p,-0.108,1.566,0.212,-0.316,FALSE,FALSE,FALSE
hsa-miR-106b-5p + hsa-miR-450b-3p,-0.189,1.571,0.030,-0.053,FALSE,FALSE,FALSE
hsa-miR-10a-5p + hsa-miR-18b-5p,-0.121,1.574,0.221,-0.173,FALSE,FALSE,FALSE
hsa-miR-143-5p + hsa-miR-34a-5p,-0.139,1.575,0.220,-0.073,FALSE,FALSE,FALSE
hsa-miR-106b-5p + hsa-miR-18a-5p,-0.135,1.580,0.072,-0.218,FALSE,FALSE,FALSE
hsa-miR-211-5p + hsa-miR-449a,-0.118,1.581,0.106,0.106,FALSE,FALSE,FALSE
hsa-miR-135b-5p + hsa-miR-200c-3p,-0.092,1.590,0.009,0.167,FALSE,FALSE,FALSE
hsa-miR-204-5p + hsa-miR-25-3p,-0.110,1.591,0.025,-0.214,FALSE,FALSE,FALSE
hsa-miR-193b-3p + hsa-miR-200c-3p,-0.093,1.591,0.064,0.156,FALSE,FALSE,FALSE
hsa-miR-124-3p + hsa-miR-2110,-0.296,1.592,0.086,0.175,FALSE,FALSE,FALSE
hsa-miR-196a-5p + hsa-miR-200a-3p,-0.083,1.595,0.201,-0.290,FALSE,FALSE,FALSE
hsa-miR-19b-3p + hsa-miR-204-5p,-0.031,1.598,0.405,-0.520,FALSE,FALSE,FALSE
hsa-miR-106b-5p + hsa-miR-128-3p,-0.047,1.600,0.446,-0.335,FALSE,FALSE,FALSE
hsa-miR-200b-3p + hsa-miR-34a-5p,-0.144,1.608,0.151,0.101,FALSE,FALSE,FALSE
hsa-miR-135b-5p + hsa-miR-34a-5p,-0.145,1.614,0.215,0.118,FALSE,FALSE,FALSE
hsa-miR-128-3p + hsa-miR-20a-5p,-0.047,1.616,0.436,-0.312,FALSE,FALSE,FALSE
hsa-miR-200a-3p + hsa-miR-873-5p,-0.072,1.617,0.122,-0.034,FALSE,FALSE,FALSE
hsa-miR-34b-5p + hsa-miR-452-5p,-0.207,1.619,0.167,0.074,FALSE,FALSE,FALSE
hsa-miR-193b-3p + hsa-miR-449b-5p,-0.042,1.623,0.148,0.202,FALSE,FALSE,FALSE
hsa-miR-124-3p + hsa-miR-506-3p,-0.430,1.625,0.170,0.205,TRUE,FALSE,FALSE
hsa-miR-107 + hsa-miR-135b-5p,-0.146,1.626,0.454,0.171,FALSE,FALSE,FALSE
hsa-miR-10a-5p + hsa-miR-27a-3p,-0.041,1.627,0.065,-0.410,FALSE,FALSE,FALSE
hsa-miR-10b-5p + hsa-miR-27b-3p,-0.045,1.628,0.188,-0.354,FALSE,FALSE,FALSE
hsa-miR-17-5p + hsa-miR-34a-5p,-0.147,1.632,0.150,-0.106,FALSE,FALSE,FALSE
hsa-miR-18a-5p + hsa-miR-19a-3p,-0.143,1.638,0.067,-0.183,FALSE,FALSE,FALSE
hsa-miR-20b-5p + hsa-miR-873-5p,-0.076,1.640,0.140,-0.399,FALSE,FALSE,FALSE
hsa-miR-128-3p + hsa-miR-363-3p,-0.059,1.640,0.145,-0.165,FALSE,FALSE,FALSE
hsa-miR-128-3p + hsa-miR-211-5p,-0.049,1.641,0.433,-0.235,FALSE,FALSE,FALSE
hsa-miR-18a-5p + hsa-miR-25-3p,-0.144,1.644,0.050,0.013,FALSE,FALSE,FALSE
hsa-miR-193b-3p + hsa-miR-34b-5p,-0.212,1.645,0.170,0.193,FALSE,FALSE,FALSE
hsa-miR-200c-3p + hsa-miR-449b-5p,-0.098,1.649,0.029,0.178,FALSE,FALSE,FALSE
hsa-miR-18a-5p + hsa-miR-200a-3p,-0.144,1.650,0.064,-0.127,FALSE,FALSE,FALSE
hsa-miR-10a-5p + hsa-miR-363-3p,-0.060,1.660,0.145,-0.230,FALSE,FALSE,FALSE
hsa-miR-363-3p + hsa-miR-3937,-0.305,1.665,0.034,-0.057,FALSE,FALSE,FALSE
hsa-miR-103a-3p + hsa-miR-135b-5p,-0.119,1.666,0.113,0.124,FALSE,FALSE,FALSE
hsa-miR-106b-5p + hsa-miR-107,-0.152,1.669,0.409,-0.209,FALSE,FALSE,FALSE
hsa-miR-19b-3p + hsa-miR-92a-3p,-0.034,1.670,0.374,-0.364,FALSE,FALSE,FALSE
hsa-miR-143-5p + hsa-miR-18b-5p,-0.133,1.671,0.047,0.033,FALSE,FALSE,FALSE
hsa-miR-19b-3p + hsa-miR-27b-3p,-0.047,1.671,0.317,-0.457,FALSE,FALSE,FALSE
hsa-miR-25-3p + hsa-miR-3937,-0.308,1.675,0.075,-0.107,FALSE,FALSE,FALSE
hsa-miR-200c-3p + hsa-miR-92a-3p,-0.100,1.675,0.077,-0.162,FALSE,FALSE,FALSE
hsa-miR-10a-5p + hsa-miR-449a,-0.130,1.677,0.074,0.167,FALSE,FALSE,FALSE
hsa-miR-34b-5p + hsa-miR-363-3p,-0.219,1.678,0.153,0.167,FALSE,FALSE,FALSE
hsa-miR-128-3p + hsa-miR-200a-3p,-0.076,1.681,0.066,-0.098,FALSE,FALSE,FALSE
hsa-miR-200b-3p + hsa-miR-363-3p,-0.113,1.683,0.010,0.138,FALSE,FALSE,FALSE
hsa-miR-196a-5p + hsa-miR-873-5p,-0.091,1.687,0.171,0.024,FALSE,FALSE,FALSE
hsa-miR-211-5p + hsa-miR-92a-3p,-0.041,1.687,0.010,-0.264,FALSE,FALSE,FALSE
hsa-miR-106a-5p + hsa-miR-20b-5p,-0.080,1.687,0.139,-0.420,TRUE,FALSE,FALSE
hsa-miR-196a-5p + hsa-miR-27b-3p,-0.091,1.688,0.174,-0.224,FALSE,FALSE,FALSE
hsa-miR-106b-5p + hsa-miR-449a,-0.131,1.688,0.072,-0.157,FALSE,FALSE,FALSE
hsa-miR-107 + hsa-miR-19b-3p,-0.155,1.691,0.401,-0.261,FALSE,FALSE,FALSE
hsa-miR-27a-3p + hsa-miR-452-5p,-0.044,1.698,0.140,-0.241,FALSE,FALSE,FALSE
hsa-miR-204-5p + hsa-miR-27b-3p,-0.048,1.698,0.105,-0.316,FALSE,FALSE,FALSE
hsa-miR-27a-3p + hsa-miR-92a-3p,-0.044,1.699,0.018,-0.425,FALSE,FALSE,FALSE
hsa-miR-27b-3p + hsa-miR-873-5p,-0.048,1.699,0.104,-0.320,FALSE,FALSE,FALSE
hsa-miR-106b-5p + hsa-miR-204-5p,-0.038,1.700,0.192,-0.522,FALSE,FALSE,FALSE
hsa-miR-200b-3p + hsa-miR-340-5p,-0.114,1.701,0.136,0.138,FALSE,FALSE,FALSE
hsa-miR-107 + hsa-miR-193b-3p,-0.157,1.703,0.406,0.159,FALSE,FALSE,FALSE
hsa-miR-25-3p + hsa-miR-34b-5p,-0.224,1.708,0.140,0.140,FALSE,FALSE,FALSE
hsa-miR-128-3p + hsa-miR-93-5p,-0.052,1.708,0.412,-0.318,FALSE,FALSE,FALSE
hsa-miR-3937 + hsa-miR-450b-3p,-0.317,1.708,0.043,0.156,FALSE,FALSE,FALSE
hsa-miR-106b-5p + hsa-miR-25-3p,-0.123,1.711,0.012,-0.098,FALSE,FALSE,FALSE
hsa-miR-106a-5p + hsa-miR-107,-0.159,1.715,0.395,-0.295,FALSE,FALSE,FALSE
hsa-miR-193b-3p + hsa-miR-873-5p,-0.046,1.725,0.119,0.178,FALSE,FALSE,FALSE
hsa-miR-3714 + hsa-miR-93-5p,-0.236,1.730,0.326,0.135,FALSE,FALSE,FALSE
hsa-miR-124-3p + hsa-miR-211-5p,-0.336,1.730,0.070,-0.090,FALSE,FALSE,FALSE
hsa-miR-10a-5p + hsa-miR-27b-3p,-0.050,1.731,0.096,-0.240,FALSE,FALSE,FALSE
hsa-miR-19b-3p + hsa-miR-450b-3p,-0.221,1.741,0.022,-0.042,FALSE,FALSE,FALSE
hsa-miR-137 + hsa-miR-200b-3p,-0.118,1.744,0.004,0.170,FALSE,FALSE,FALSE
hsa-miR-340-5p + hsa-miR-506-3p,-0.477,1.744,0.305,0.195,FALSE,FALSE,FALSE
hsa-miR-106b-5p + hsa-miR-18b-5p,-0.142,1.747,0.077,-0.293,FALSE,FALSE,FALSE
hsa-miR-106b-5p + hsa-miR-363-3p,-0.065,1.749,0.124,-0.322,FALSE,FALSE,FALSE
hsa-miR-19a-3p + hsa-miR-200a-3p,-0.081,1.756,0.064,-0.334,FALSE,FALSE,FALSE
hsa-miR-19b-3p + hsa-miR-200a-3p,-0.081,1.762,0.057,-0.302,FALSE,FALSE,FALSE
hsa-miR-20a-5p + hsa-miR-27b-3p,-0.051,1.771,0.103,-0.544,FALSE,FALSE,FALSE
hsa-miR-18a-5p + hsa-miR-19b-3p,-0.160,1.777,0.036,-0.244,FALSE,FALSE,FALSE
hsa-miR-107 + hsa-miR-92a-3p,-0.167,1.784,0.374,-0.033,FALSE,FALSE,FALSE
hsa-miR-128-3p + hsa-miR-452-5p,-0.055,1.785,0.389,-0.258,FALSE,FALSE,FALSE
hsa-miR-128-3p + hsa-miR-506-3p,-0.491,1.785,0.127,0.190,FALSE,FALSE,FALSE
hsa-miR-34b-5p + hsa-miR-92a-3p,-0.239,1.789,0.120,0.074,FALSE,FALSE,FALSE
hsa-miR-128-3p + hsa-miR-204-5p,-0.055,1.802,0.394,-0.394,FALSE,FALSE,FALSE
hsa-miR-27a-3p + hsa-miR-873-5p,-0.047,1.806,0.064,-0.205,FALSE,FALSE,FALSE
hsa-miR-143-5p + hsa-miR-3937,-0.341,1.808,0.020,-0.040,FALSE,FALSE,FALSE
hsa-miR-20b-5p + hsa-miR-34a-5p,-0.170,1.811,0.108,-0.202,FALSE,FALSE,FALSE
hsa-miR-196a-5p + hsa-miR-340-5p,-0.100,1.814,0.142,0.115,FALSE,FALSE,FALSE
hsa-miR-204-5p + hsa-miR-20b-5p,-0.088,1.814,0.117,-0.359,FALSE,FALSE,FALSE
hsa-miR-3937 + hsa-miR-449b-5p,-0.347,1.830,0.019,0.166,FALSE,FALSE,FALSE
hsa-miR-196a-5p + hsa-miR-200c-3p,-0.113,1.834,0.279,-0.193,FALSE,FALSE,FALSE
hsa-miR-10b-5p + hsa-miR-3714,-0.255,1.836,0.311,0.176,FALSE,FALSE,FALSE
hsa-miR-103a-3p + hsa-miR-449b-5p,-0.136,1.838,0.077,0.183,FALSE,FALSE,FALSE
hsa-miR-20a-5p + hsa-miR-363-3p,-0.070,1.844,0.108,-0.362,FALSE,FALSE,FALSE
hsa-miR-340-5p + hsa-miR-452-5p,-0.080,1.844,0.067,-0.139,FALSE,FALSE,FALSE
hsa-miR-18a-5p + hsa-miR-506-3p,-0.512,1.846,0.117,0.123,FALSE,FALSE,FALSE
hsa-miR-196a-5p + hsa-miR-211-5p,-0.103,1.850,0.137,-0.102,FALSE,FALSE,FALSE
hsa-miR-103a-3p + hsa-miR-340-5p,-0.137,1.851,0.019,0.131,FALSE,FALSE,FALSE
hsa-miR-34a-5p + hsa-miR-449b-5p,-0.175,1.855,0.122,0.178,TRUE,FALSE,FALSE
hsa-miR-19b-3p + hsa-miR-211-5p,-0.046,1.865,0.006,-0.477,FALSE,FALSE,FALSE
hsa-miR-200a-3p + hsa-miR-3714,-0.260,1.866,0.290,0.183,FALSE,FALSE,FALSE
hsa-miR-19b-3p + hsa-miR-93-5p,-0.056,1.867,0.070,-0.533,FALSE,FALSE,FALSE
hsa-miR-3937 + hsa-miR-429,-0.355,1.869,0.019,0.068,FALSE,FALSE,FALSE
hsa-miR-18a-5p + hsa-miR-3937,-0.355,1.869,0.018,0.128,FALSE,FALSE,FALSE
hsa-miR-19a-3p + hsa-miR-873-5p,-0.040,1.870,0.049,-0.343,FALSE,FALSE,FALSE
hsa-miR-106a-5p + hsa-miR-19a-3p,-0.046,1.874,0.124,-0.528,FALSE,FALSE,FALSE
hsa-miR-34a-5p + hsa-miR-93-5p,-0.178,1.879,0.105,-0.035,FALSE,FALSE,FALSE
hsa-miR-135b-5p + hsa-miR-449b-5p,-0.078,1.885,0.314,0.202,FALSE,FALSE,FALSE
hsa-miR-107 + hsa-miR-3937,-0.359,1.889,0.066,0.160,FALSE,FALSE,FALSE
hsa-miR-103a-3p + hsa-miR-128-3p,-0.141,1.891,0.040,-0.224,FALSE,FALSE,FALSE
hsa-miR-193b-3p + hsa-miR-200b-3p,-0.131,1.893,0.007,0.167,FALSE,FALSE,FALSE
hsa-miR-10b-5p + hsa-miR-340-5p,-0.082,1.895,0.029,0.176,FALSE,FALSE,FALSE
hsa-miR-200b-3p + hsa-miR-92a-3p,-0.131,1.896,0.003,-0.127,FALSE,FALSE,FALSE
hsa-miR-128-3p + hsa-miR-20b-5p,-0.093,1.904,0.110,-0.332,FALSE,FALSE,FALSE
hsa-miR-25-3p + hsa-miR-27b-3p,-0.141,1.907,0.005,-0.113,FALSE,FALSE,FALSE
hsa-miR-18b-5p + hsa-miR-200a-3p,-0.158,1.910,0.032,-0.154,FALSE,FALSE,FALSE
hsa-miR-2110 + hsa-miR-3714,-0.270,1.928,0.277,0.202,FALSE,FALSE,FALSE
hsa-miR-18a-5p + hsa-miR-211-5p,-0.177,1.934,0.030,-0.164,FALSE,FALSE,FALSE
hsa-miR-135b-5p + hsa-miR-452-5p,-0.081,1.938,0.302,-0.149,FALSE,FALSE,FALSE
hsa-miR-25-3p + hsa-miR-449b-5p,-0.143,1.938,0.055,0.156,FALSE,FALSE,FALSE
hsa-miR-135b-5p + hsa-miR-200b-3p,-0.135,1.947,0.003,0.171,FALSE,FALSE,FALSE
hsa-miR-124-3p + hsa-miR-449b-5p,-0.388,1.951,0.048,0.202,FALSE,FALSE,FALSE
hsa-miR-340-5p + hsa-miR-92a-3p,-0.085,1.953,0.043,-0.191,FALSE,FALSE,FALSE
hsa-miR-200c-3p + hsa-miR-34a-5p,-0.186,1.953,0.090,0.120,FALSE,FALSE,FALSE
hsa-miR-103a-3p + hsa-miR-20b-5p,-0.147,1.965,0.012,-0.258,FALSE,FALSE,FALSE
hsa-miR-10a-5p + hsa-miR-196a-5p,-0.110,1.967,0.132,-0.149,FALSE,FALSE,FALSE
hsa-miR-17-5p + hsa-miR-363-3p,-0.075,1.971,0.088,-0.271,FALSE,FALSE,FALSE
hsa-miR-135b-5p + hsa-miR-193b-3p,-0.082,1.977,0.295,0.187,FALSE,FALSE,FALSE
hsa-miR-429 + hsa-miR-452-5p,-0.110,1.993,0.039,-0.305,FALSE,FALSE,FALSE
hsa-miR-25-3p + hsa-miR-93-5p,-0.148,1.996,0.005,-0.129,FALSE,FALSE,FALSE
hsa-miR-449a + hsa-miR-452-5p,-0.161,1.999,0.058,-0.026,FALSE,FALSE,FALSE
hsa-miR-34a-5p + hsa-miR-429,-0.192,2.013,0.090,0.120,FALSE,FALSE,FALSE
hsa-miR-18b-5p + hsa-miR-92a-3p,-0.167,2.014,0.034,-0.219,FALSE,FALSE,FALSE
hsa-miR-19a-3p + hsa-miR-34a-5p,-0.192,2.020,0.090,-0.194,FALSE,FALSE,FALSE
hsa-miR-18b-5p + hsa-miR-873-5p,-0.168,2.023,0.050,0.076,FALSE,FALSE,FALSE
hsa-miR-193b-3p + hsa-miR-20b-5p,-0.099,2.027,0.090,0.128,FALSE,FALSE,FALSE
hsa-miR-20b-5p + hsa-miR-452-5p,-0.099,2.030,0.081,-0.139,FALSE,FALSE,FALSE
hsa-miR-3714 + hsa-miR-873-5p,-0.285,2.037,0.257,0.186,FALSE,FALSE,FALSE
hsa-miR-20a-5p + hsa-miR-20b-5p,-0.100,2.048,0.081,-0.429,TRUE,FALSE,FALSE
hsa-miR-363-3p + hsa-miR-93-5p,-0.079,2.069,0.091,-0.377,FALSE,FALSE,FALSE
hsa-miR-106a-5p + hsa-miR-25-3p,-0.153,2.071,0.003,-0.285,FALSE,FALSE,FALSE
hsa-miR-506-3p + hsa-miR-92a-3p,-0.579,2.076,0.099,-0.100,FALSE,FALSE,FALSE
hsa-miR-3714 + hsa-miR-449b-5p,-0.291,2.083,0.249,0.194,FALSE,FALSE,FALSE
hsa-miR-103a-3p + hsa-miR-27b-3p,-0.156,2.089,0.010,-0.244,FALSE,FALSE,FALSE
hsa-miR-193b-3p + hsa-miR-506-3p,-0.582,2.089,0.089,0.197,FALSE,FALSE,FALSE
hsa-miR-10b-5p + hsa-miR-27a-3p,-0.055,2.095,0.007,-0.440,FALSE,FALSE,FALSE
hsa-miR-429 + hsa-miR-449b-5p,-0.115,2.100,0.030,0.201,FALSE,FALSE,FALSE
hsa-miR-137 + hsa-miR-193b-3p,-0.133,2.101,0.000,0.198,FALSE,FALSE,FALSE
hsa-miR-363-3p + hsa-miR-452-5p,-0.080,2.113,0.090,-0.117,FALSE,FALSE,FALSE
hsa-miR-452-5p + hsa-miR-92a-3p,-0.044,2.124,0.126,-0.239,FALSE,FALSE,FALSE
hsa-miR-452-5p + hsa-miR-93-5p,-0.064,2.127,0.021,-0.436,FALSE,FALSE,FALSE
hsa-miR-27b-3p + hsa-miR-3937,-0.408,2.146,0.010,0.137,FALSE,FALSE,FALSE
hsa-miR-211-5p + hsa-miR-873-5p,-0.053,2.148,0.007,-0.173,FALSE,FALSE,FALSE
hsa-miR-10a-5p + hsa-miR-204-5p,-0.036,2.158,0.020,-0.483,FALSE,FALSE,FALSE
hsa-miR-128-3p + hsa-miR-19a-3p,-0.067,2.179,0.302,-0.458,FALSE,FALSE,FALSE
hsa-miR-107 + hsa-miR-449b-5p,-0.207,2.197,0.292,0.176,FALSE,FALSE,FALSE
hsa-miR-143-5p + hsa-miR-92a-3p,-0.045,2.201,0.080,-0.329,FALSE,FALSE,FALSE
hsa-miR-137 + hsa-miR-3937,-0.417,2.204,0.010,0.187,FALSE,FALSE,FALSE
hsa-miR-18b-5p + hsa-miR-211-5p,-0.181,2.208,0.018,-0.263,FALSE,FALSE,FALSE
hsa-miR-10b-5p + hsa-miR-363-3p,-0.083,2.213,0.078,-0.300,FALSE,FALSE,FALSE
hsa-miR-25-3p + hsa-miR-92a-3p,-0.163,2.219,0.002,-0.275,TRUE,FALSE,FALSE
hsa-miR-450b-3p + hsa-miR-92a-3p,-0.285,2.220,0.007,-0.174,FALSE,FALSE,FALSE
hsa-miR-34a-5p + hsa-miR-92a-3p,-0.211,2.241,0.083,-0.167,FALSE,FALSE,FALSE
hsa-miR-19b-3p + hsa-miR-34a-5p,-0.211,2.245,0.069,-0.176,FALSE,FALSE,FALSE
hsa-miR-200a-3p + hsa-miR-3937,-0.424,2.246,0.010,-0.038,FALSE,FALSE,FALSE
hsa-miR-196a-5p + hsa-miR-92a-3p,-0.124,2.257,0.104,-0.164,FALSE,FALSE,FALSE
hsa-miR-103a-3p + hsa-miR-873-5p,-0.167,2.264,0.016,0.032,FALSE,FALSE,FALSE
hsa-miR-107 + hsa-miR-449a,-0.213,2.268,0.282,0.174,FALSE,FALSE,FALSE
hsa-miR-200a-3p + hsa-miR-452-5p,-0.106,2.297,0.031,-0.322,FALSE,FALSE,FALSE
hsa-miR-19b-3p + hsa-miR-20b-5p,-0.110,2.300,0.070,-0.398,FALSE,FALSE,FALSE
hsa-miR-135b-5p + hsa-miR-449a,-0.183,2.305,0.046,0.175,FALSE,FALSE,FALSE
hsa-miR-135b-5p + hsa-miR-873-5p,-0.095,2.314,0.244,0.150,FALSE,FALSE,FALSE
hsa-miR-107 + hsa-miR-128-3p,-0.217,2.324,0.278,-0.059,FALSE,FALSE,FALSE
hsa-miR-204-5p + hsa-miR-363-3p,-0.087,2.334,0.063,-0.349,FALSE,FALSE,FALSE
hsa-miR-124-3p + hsa-miR-135b-5p,-0.456,2.342,0.028,0.185,FALSE,FALSE,FALSE
hsa-miR-106a-5p + hsa-miR-363-3p,-0.087,2.354,0.061,-0.449,FALSE,FALSE,FALSE
hsa-miR-193b-3p + hsa-miR-363-3p,-0.088,2.357,0.071,0.177,FALSE,FALSE,FALSE
hsa-miR-18a-5p + hsa-miR-92a-3p,-0.212,2.376,0.021,-0.319,FALSE,FALSE,FALSE
hsa-miR-2110 + hsa-miR-506-3p,-0.648,2.381,0.068,0.199,FALSE,FALSE,FALSE
hsa-miR-196a-5p + hsa-miR-3714,-0.327,2.403,0.213,0.187,FALSE,FALSE,FALSE
hsa-miR-18a-5p + hsa-miR-873-5p,-0.214,2.406,0.053,0.161,FALSE,FALSE,FALSE
hsa-miR-103a-3p + hsa-miR-27a-3p,-0.176,2.433,0.010,-0.188,FALSE,FALSE,FALSE
hsa-miR-103a-3p + hsa-miR-17-5p,-0.177,2.442,0.006,-0.405,FALSE,FALSE,FALSE
hsa-miR-196a-5p + hsa-miR-93-5p,-0.132,2.447,0.092,-0.402,FALSE,FALSE,FALSE
hsa-miR-25-3p + hsa-miR-873-5p,-0.175,2.452,0.002,-0.139,FALSE,FALSE,FALSE
hsa-miR-449a + hsa-miR-449b-5p,-0.191,2.457,0.029,0.187,TRUE,FALSE,FALSE
hsa-miR-106a-5p + hsa-miR-34a-5p,-0.226,2.466,0.061,-0.226,FALSE,FALSE,FALSE
hsa-miR-200c-3p + hsa-miR-3937,-0.454,2.467,0.013,0.094,FALSE,FALSE,FALSE
hsa-miR-211-5p + hsa-miR-34a-5p,-0.227,2.485,0.076,-0.120,FALSE,FALSE,FALSE
hsa-miR-20b-5p + hsa-miR-3714,-0.336,2.502,0.200,0.163,FALSE,FALSE,FALSE
hsa-miR-196a-5p + hsa-miR-452-5p,-0.134,2.506,0.084,-0.282,FALSE,FALSE,FALSE
hsa-miR-106b-5p + hsa-miR-196a-5p,-0.135,2.515,0.095,-0.441,FALSE,FALSE,FALSE
hsa-miR-449b-5p + hsa-miR-506-3p,-0.674,2.522,0.075,0.192,FALSE,FALSE,FALSE
hsa-miR-18b-5p + hsa-miR-19a-3p,-0.200,2.526,0.013,-0.371,FALSE,FALSE,FALSE
hsa-miR-20a-5p + hsa-miR-25-3p,-0.181,2.560,0.002,-0.191,FALSE,FALSE,FALSE
hsa-miR-363-3p + hsa-miR-92a-3p,-0.093,2.568,0.067,-0.363,TRUE,FALSE,FALSE
hsa-miR-200c-3p + hsa-miR-449a,-0.197,2.569,0.026,0.175,FALSE,FALSE,FALSE
hsa-miR-20a-5p + hsa-miR-34a-5p,-0.234,2.597,0.061,-0.245,FALSE,FALSE,FALSE
hsa-miR-200b-3p + hsa-miR-449a,-0.199,2.612,0.036,0.159,FALSE,FALSE,FALSE
hsa-miR-124-3p + hsa-miR-429,-0.493,2.619,0.033,0.125,FALSE,FALSE,FALSE
hsa-miR-193b-3p + hsa-miR-196a-5p,-0.138,2.623,0.085,0.146,FALSE,FALSE,FALSE
hsa-miR-92a-3p + hsa-miR-93-5p,-0.075,2.637,0.016,-0.469,FALSE,FALSE,FALSE
hsa-miR-20b-5p + hsa-miR-25-3p,-0.184,2.638,0.023,-0.197,FALSE,FALSE,FALSE
hsa-miR-124-3p + hsa-miR-200c-3p,-0.499,2.679,0.035,0.071,FALSE,FALSE,FALSE
hsa-miR-3714 + hsa-miR-452-5p,-0.351,2.683,0.190,0.100,FALSE,FALSE,FALSE
hsa-miR-17-5p + hsa-miR-196a-5p,-0.140,2.685,0.078,-0.377,FALSE,FALSE,FALSE
hsa-miR-18a-5p + hsa-miR-193b-3p,-0.230,2.685,0.019,0.183,FALSE,FALSE,FALSE
hsa-miR-196a-5p + hsa-miR-20b-5p,-0.141,2.695,0.084,-0.427,FALSE,FALSE,FALSE
hsa-miR-106a-5p + hsa-miR-196a-5p,-0.141,2.700,0.082,-0.428,FALSE,FALSE,FALSE
hsa-miR-200b-3p + hsa-miR-449b-5p,-0.175,2.700,0.002,0.190,FALSE,FALSE,FALSE
hsa-miR-103a-3p + hsa-miR-20a-5p,-0.191,2.762,0.009,-0.402,FALSE,FALSE,FALSE
hsa-miR-20b-5p + hsa-miR-211-5p,-0.125,2.763,0.054,-0.366,FALSE,FALSE,FALSE
hsa-miR-196a-5p + hsa-miR-19b-3p,-0.143,2.769,0.079,-0.487,FALSE,FALSE,FALSE
hsa-miR-106b-5p + hsa-miR-19a-3p,-0.060,2.792,0.011,-0.624,FALSE,FALSE,FALSE
hsa-miR-34b-5p + hsa-miR-429,-0.348,2.800,0.060,0.196,FALSE,FALSE,FALSE
hsa-miR-18b-5p + hsa-miR-193b-3p,-0.214,2.826,0.010,0.199,FALSE,FALSE,FALSE
hsa-miR-211-5p + hsa-miR-452-5p,-0.065,2.830,0.003,-0.394,FALSE,FALSE,FALSE
hsa-miR-204-5p + hsa-miR-92a-3p,-0.053,2.831,0.040,-0.538,FALSE,FALSE,FALSE
hsa-miR-200b-3p + hsa-miR-3937,-0.494,2.832,0.006,0.065,FALSE,FALSE,FALSE
hsa-miR-18b-5p + hsa-miR-452-5p,-0.215,2.837,0.010,-0.249,FALSE,FALSE,FALSE
hsa-miR-103a-3p + hsa-miR-93-5p,-0.194,2.842,0.006,-0.474,FALSE,FALSE,FALSE
hsa-miR-143-5p + hsa-miR-196a-5p,-0.145,2.845,0.066,-0.402,FALSE,FALSE,FALSE
hsa-miR-143-5p + hsa-miR-25-3p,-0.192,2.851,0.003,-0.020,FALSE,FALSE,FALSE
hsa-miR-193b-3p + hsa-miR-449a,-0.210,2.855,0.023,0.181,FALSE,FALSE,FALSE
hsa-miR-103a-3p + hsa-miR-106a-5p,-0.195,2.889,0.022,-0.433,FALSE,FALSE,FALSE
hsa-miR-20b-5p + hsa-miR-363-3p,-0.128,2.895,0.050,-0.402,FALSE,FALSE,FALSE
hsa-miR-19b-3p + hsa-miR-873-5p,-0.056,2.925,0.013,-0.496,FALSE,FALSE,FALSE
hsa-miR-124-3p + hsa-miR-200b-3p,-0.525,2.928,0.022,0.077,FALSE,FALSE,FALSE
hsa-miR-103a-3p + hsa-miR-204-5p,-0.197,2.939,0.007,-0.326,FALSE,FALSE,FALSE
hsa-miR-193b-3p + hsa-miR-340-5p,-0.115,2.946,0.016,0.180,FALSE,FALSE,FALSE
hsa-miR-128-3p + hsa-miR-19b-3p,-0.082,2.964,0.229,-0.576,FALSE,FALSE,FALSE
hsa-miR-107 + hsa-miR-452-5p,-0.252,2.969,0.224,-0.181,FALSE,FALSE,FALSE
hsa-miR-20b-5p + hsa-miR-92a-3p,-0.130,2.981,0.041,-0.392,FALSE,FALSE,FALSE
hsa-miR-18b-5p + hsa-miR-19b-3p,-0.220,2.984,0.010,-0.393,FALSE,FALSE,FALSE
hsa-miR-19a-3p + hsa-miR-20b-5p,-0.130,2.998,0.052,-0.482,FALSE,FALSE,FALSE
hsa-miR-25-3p + hsa-miR-3714,-0.374,3.016,0.174,0.161,FALSE,FALSE,FALSE
hsa-miR-340-5p + hsa-miR-3714,-0.375,3.022,0.174,0.197,FALSE,FALSE,FALSE
hsa-miR-107 + hsa-miR-211-5p,-0.255,3.029,0.225,-0.111,FALSE,FALSE,FALSE
hsa-miR-204-5p + hsa-miR-3937,-0.514,3.057,0.014,-0.264,FALSE,FALSE,FALSE
hsa-miR-103a-3p + hsa-miR-19b-3p,-0.204,3.134,0.004,-0.319,FALSE,FALSE,FALSE
hsa-miR-103a-3p + hsa-miR-92a-3p,-0.204,3.151,0.005,-0.351,FALSE,FALSE,FALSE
hsa-miR-196a-5p + hsa-miR-20a-5p,-0.153,3.185,0.073,-0.493,FALSE,FALSE,FALSE
hsa-miR-363-3p + hsa-miR-3714,-0.388,3.265,0.164,0.184,FALSE,FALSE,FALSE
hsa-miR-18b-5p + hsa-miR-3714,-0.389,3.276,0.160,0.196,FALSE,FALSE,FALSE
hsa-miR-18b-5p + hsa-miR-3937,-0.531,3.278,0.009,0.148,FALSE,FALSE,FALSE
hsa-miR-103a-3p + hsa-miR-19a-3p,-0.208,3.294,0.010,-0.407,FALSE,FALSE,FALSE
hsa-miR-452-5p + hsa-miR-506-3p,-0.784,3.350,0.053,-0.244,FALSE,FALSE,FALSE
hsa-miR-211-5p + hsa-miR-25-3p,-0.209,3.396,0.001,-0.306,FALSE,FALSE,FALSE
hsa-miR-143-5p + hsa-miR-363-3p,-0.108,3.417,0.037,-0.291,FALSE,FALSE,FALSE
hsa-miR-429 + hsa-miR-506-3p,-0.792,3.435,0.058,0.141,FALSE,FALSE,FALSE
hsa-miR-18a-5p + hsa-miR-3714,-0.397,3.435,0.155,0.195,FALSE,FALSE,FALSE
hsa-miR-124-3p + hsa-miR-193b-3p,-0.565,3.435,0.021,0.201,FALSE,FALSE,FALSE
hsa-miR-135b-5p + hsa-miR-3714,-0.397,3.437,0.158,0.194,FALSE,FALSE,FALSE
hsa-miR-124-3p + hsa-miR-92a-3p,-0.568,3.479,0.023,-0.210,FALSE,FALSE,FALSE
hsa-miR-450b-3p + hsa-miR-452-5p,-0.371,3.503,0.007,-0.215,FALSE,FALSE,FALSE
hsa-miR-106b-5p + hsa-miR-34a-5p,-0.275,3.617,0.049,-0.313,FALSE,FALSE,FALSE
hsa-miR-193b-3p + hsa-miR-3714,-0.407,3.657,0.151,0.193,FALSE,FALSE,FALSE
hsa-miR-25-3p + hsa-miR-452-5p,-0.216,3.675,0.001,-0.001,FALSE,FALSE,FALSE
hsa-miR-196a-5p + hsa-miR-204-5p,-0.164,3.725,0.067,-0.325,FALSE,FALSE,FALSE
hsa-miR-200b-3p + hsa-miR-34b-5p,-0.398,3.766,0.055,0.185,FALSE,FALSE,FALSE
hsa-miR-3937 + hsa-miR-93-5p,-0.562,3.792,0.008,-0.303,FALSE,FALSE,FALSE
hsa-miR-193b-3p + hsa-miR-25-3p,-0.218,3.792,0.005,0.151,FALSE,FALSE,FALSE
hsa-miR-19b-3p + hsa-miR-363-3p,-0.112,3.820,0.044,-0.513,FALSE,FALSE,FALSE
hsa-miR-193b-3p + hsa-miR-3937,-0.564,3.829,0.008,0.202,FALSE,FALSE,FALSE
hsa-miR-200c-3p + hsa-miR-3714,-0.416,3.876,0.149,0.185,FALSE,FALSE,FALSE
hsa-miR-103a-3p + hsa-miR-211-5p,-0.222,3.890,0.003,-0.202,FALSE,FALSE,FALSE
hsa-miR-128-3p + hsa-miR-25-3p,-0.221,3.945,0.001,-0.167,FALSE,FALSE,FALSE
hsa-miR-19a-3p + hsa-miR-363-3p,-0.114,3.980,0.040,-0.477,FALSE,FALSE,FALSE
hsa-miR-18a-5p + hsa-miR-452-5p,-0.275,4.005,0.008,-0.327,FALSE,FALSE,FALSE
hsa-miR-2110 + hsa-miR-3937,-0.574,4.014,0.008,0.193,FALSE,FALSE,FALSE
hsa-miR-103a-3p + hsa-miR-193b-3p,-0.225,4.061,0.005,0.199,FALSE,FALSE,FALSE
hsa-miR-20b-5p + hsa-miR-3937,-0.592,4.440,0.003,-0.281,FALSE,FALSE,FALSE
hsa-miR-135b-5p + hsa-miR-506-3p,-0.867,4.469,0.031,0.199,FALSE,FALSE,FALSE
hsa-miR-200c-3p + hsa-miR-34b-5p,-0.422,4.550,0.049,0.191,FALSE,FALSE,FALSE
hsa-miR-3714 + hsa-miR-92a-3p,-0.437,4.562,0.135,0.121,FALSE,FALSE,FALSE
hsa-miR-196a-5p + hsa-miR-19a-3p,-0.176,4.697,0.057,-0.580,FALSE,FALSE,FALSE
hsa-miR-20a-5p + hsa-miR-3937,-0.602,4.714,0.008,-0.312,FALSE,FALSE,FALSE
hsa-miR-103a-3p + hsa-miR-106b-5p,-0.237,4.836,0.006,-0.539,FALSE,FALSE,FALSE
hsa-miR-106b-5p + hsa-miR-3937,-0.608,4.917,0.006,-0.321,FALSE,FALSE,FALSE
hsa-miR-19a-3p + hsa-miR-25-3p,-0.238,5.092,0.004,-0.421,FALSE,FALSE,FALSE
hsa-miR-124-3p + hsa-miR-452-5p,-0.643,5.175,0.011,-0.286,FALSE,FALSE,FALSE
hsa-miR-19a-3p + hsa-miR-3937,-0.617,5.210,0.006,-0.446,FALSE,FALSE,FALSE
hsa-miR-19b-3p + hsa-miR-25-3p,-0.244,5.633,0.004,-0.401,FALSE,FALSE,FALSE
hsa-miR-193b-3p + hsa-miR-34a-5p,-0.315,5.801,0.042,0.189,FALSE,FALSE,FALSE
hsa-miR-200c-3p + hsa-miR-506-3p,-0.937,6.212,0.044,0.186,FALSE,FALSE,FALSE
hsa-miR-3714 + hsa-miR-429,-0.472,6.371,0.121,0.198,FALSE,FALSE,FALSE
hsa-miR-204-5p + hsa-miR-873-5p,-0.072,6.416,0.004,-0.489,FALSE,FALSE,FALSE
hsa-miR-19b-3p + hsa-miR-3937,-0.653,6.886,0.010,-0.376,FALSE,FALSE,FALSE
hsa-miR-34a-5p + hsa-miR-452-5p,-0.326,6.947,0.036,-0.379,FALSE,FALSE,FALSE
hsa-miR-3937 + hsa-miR-92a-3p,-0.654,6.948,0.007,-0.218,FALSE,FALSE,FALSE
hsa-miR-106a-5p + hsa-miR-3937,-0.658,7.199,0.009,-0.452,FALSE,FALSE,FALSE
hsa-miR-211-5p + hsa-miR-3937,-0.660,7.322,0.006,-0.140,FALSE,FALSE,FALSE
hsa-miR-211-5p + hsa-miR-3714,-0.484,7.380,0.117,0.176,FALSE,FALSE,FALSE
hsa-miR-103a-3p + hsa-miR-452-5p,-0.259,7.575,0.004,-0.415,FALSE,FALSE,FALSE
hsa-miR-200b-3p + hsa-miR-3714,-0.487,7.651,0.117,0.198,FALSE,FALSE,FALSE
hsa-miR-3937 + hsa-miR-452-5p,-0.674,8.533,0.005,-0.212,FALSE,FALSE,FALSE
hsa-miR-200b-3p + hsa-miR-506-3p,-0.987,8.592,0.039,0.186,FALSE,FALSE,FALSE